Protein id	Contig id	Start	Stop	Strand	Element symbol	Element name	Scope	Type	Subtype	Class	Subclass	Method	Target length	Reference sequence length	% Coverage of reference	% Identity to reference	Alignment length	Closest reference accession	Closest reference name	HMM accession	HMM description	Species
	NZ_CP026041.1	2639419	2641017	-	tet(35)	tetracycline efflux Na+/H+ antiporter family transporter Tet(35)	core	AMR	AMR	TETRACYCLINE	TETRACYCLINE	BLASTX	533	533	100.0	99.81	533	WP_005480402.1	tetracycline efflux Na+/H+ antiporter family transporter Tet(35)			V_parahaemolyticus
	NZ_CP026041.1	3109082	3109543	-	tet(34)	oxytetracycline resistance phosphoribosyltransferase domain-containing protein Tet(34)	core	AMR	AMR	TETRACYCLINE	TETRACYCLINE	BLASTX	154	154	100.0	92.21	154	WP_005592781.1	oxytetracycline resistance phosphoribosyltransferase domain-containing protein Tet(34)			V_parahaemolyticus
	NZ_CP026042.1	967271	968119	+	blaCARB-30	carbenicillin-hydrolyzing class A beta-lactamase CARB-30	core	AMR	AMR	BETA-LACTAM	BETA-LACTAM	ALLELEX	283	283	100.0	100.0	283	WP_005498292.1	carbenicillin-hydrolyzing class A beta-lactamase CARB-30			V_parahaemolyticus
	NZ_CP009982.1	2081630	2083228	-	tet(35)	tetracycline efflux Na+/H+ antiporter family transporter Tet(35)	core	AMR	AMR	TETRACYCLINE	TETRACYCLINE	BLASTX	533	533	100.0	99.25	533	WP_005480402.1	tetracycline efflux Na+/H+ antiporter family transporter Tet(35)			V_parahaemolyticus
	NZ_CP009982.1	2553486	2553947	-	tet(34)	oxytetracycline resistance phosphoribosyltransferase domain-containing protein Tet(34)	core	AMR	AMR	TETRACYCLINE	TETRACYCLINE	BLASTX	154	154	100.0	92.21	154	WP_005592781.1	oxytetracycline resistance phosphoribosyltransferase domain-containing protein Tet(34)			V_parahaemolyticus
	NZ_CP009983.1	474932	475780	-	blaCARB-18	carbenicillin-hydrolyzing class A beta-lactamase CARB-18	core	AMR	AMR	BETA-LACTAM	BETA-LACTAM	ALLELEX	283	283	100.0	100.0	283	WP_005459715.1	carbenicillin-hydrolyzing class A beta-lactamase CARB-18			V_parahaemolyticus
	NZ_CP009765.1	679495	679956	+	tet(34)	oxytetracycline resistance phosphoribosyltransferase domain-containing protein Tet(34)	core	AMR	AMR	TETRACYCLINE	TETRACYCLINE	BLASTX	154	154	100.0	92.21	154	WP_005592781.1	oxytetracycline resistance phosphoribosyltransferase domain-containing protein Tet(34)			V_parahaemolyticus
	NZ_CP009765.1	2166559	2168157	-	tet(35)	tetracycline efflux Na+/H+ antiporter family transporter Tet(35)	core	AMR	AMR	TETRACYCLINE	TETRACYCLINE	BLASTX	533	533	100.0	99.81	533	WP_005480402.1	tetracycline efflux Na+/H+ antiporter family transporter Tet(35)			V_parahaemolyticus
	NZ_CP009766.1	1260050	1260898	+	blaCARB-18	carbenicillin-hydrolyzing class A beta-lactamase CARB-18	core	AMR	AMR	BETA-LACTAM	BETA-LACTAM	ALLELEX	283	283	100.0	100.0	283	WP_005459715.1	carbenicillin-hydrolyzing class A beta-lactamase CARB-18			V_parahaemolyticus
	NZ_CP009847.1	724167	724628	+	tet(34)	oxytetracycline resistance phosphoribosyltransferase domain-containing protein Tet(34)	core	AMR	AMR	TETRACYCLINE	TETRACYCLINE	BLASTX	154	154	100.0	92.21	154	WP_005592781.1	oxytetracycline resistance phosphoribosyltransferase domain-containing protein Tet(34)			V_parahaemolyticus
	NZ_CP009847.1	1187445	1189043	+	tet(35)	tetracycline efflux Na+/H+ antiporter family transporter Tet(35)	core	AMR	AMR	TETRACYCLINE	TETRACYCLINE	BLASTX	533	533	100.0	99.81	533	WP_005480402.1	tetracycline efflux Na+/H+ antiporter family transporter Tet(35)			V_parahaemolyticus
	NZ_CP009848.1	490402	491250	-	blaCARB-18	carbenicillin-hydrolyzing class A beta-lactamase CARB-18	core	AMR	AMR	BETA-LACTAM	BETA-LACTAM	ALLELEX	283	283	100.0	100.0	283	WP_005459715.1	carbenicillin-hydrolyzing class A beta-lactamase CARB-18			V_parahaemolyticus
	NZ_CP014046.2	116310	116771	-	tet(34)	oxytetracycline resistance phosphoribosyltransferase domain-containing protein Tet(34)	core	AMR	AMR	TETRACYCLINE	TETRACYCLINE	BLASTX	154	154	100.0	92.21	154	WP_005592781.1	oxytetracycline resistance phosphoribosyltransferase domain-containing protein Tet(34)			V_parahaemolyticus
	NZ_CP014046.2	2940722	2942320	-	tet(35)	tetracycline efflux Na+/H+ antiporter family transporter Tet(35)	core	AMR	AMR	TETRACYCLINE	TETRACYCLINE	BLASTX	533	533	100.0	99.62	533	WP_005480402.1	tetracycline efflux Na+/H+ antiporter family transporter Tet(35)			V_parahaemolyticus
	NZ_CP014047.2	971635	972483	+	blaCARB-18	carbenicillin-hydrolyzing class A beta-lactamase CARB-18	core	AMR	AMR	BETA-LACTAM	BETA-LACTAM	ALLELEX	283	283	100.0	100.0	283	WP_005459715.1	carbenicillin-hydrolyzing class A beta-lactamase CARB-18			V_parahaemolyticus
	NZ_CP011406.1	796367	796828	+	tet(34)	oxytetracycline resistance phosphoribosyltransferase domain-containing protein Tet(34)	core	AMR	AMR	TETRACYCLINE	TETRACYCLINE	BLASTX	154	154	100.0	92.21	154	WP_005592781.1	oxytetracycline resistance phosphoribosyltransferase domain-containing protein Tet(34)			V_parahaemolyticus
	NZ_CP011406.1	1395497	1397095	+	tet(35)	tetracycline efflux Na+/H+ antiporter family transporter Tet(35)	core	AMR	AMR	TETRACYCLINE	TETRACYCLINE	BLASTX	533	533	100.0	99.81	533	WP_005480402.1	tetracycline efflux Na+/H+ antiporter family transporter Tet(35)			V_parahaemolyticus
	NZ_CP011407.1	1479390	1480238	+	blaCARB-18	carbenicillin-hydrolyzing class A beta-lactamase CARB-18	core	AMR	AMR	BETA-LACTAM	BETA-LACTAM	ALLELEX	283	283	100.0	100.0	283	WP_005459715.1	carbenicillin-hydrolyzing class A beta-lactamase CARB-18			V_parahaemolyticus
	NZ_CP011884.1	2130632	2132230	-	tet(35)	tetracycline efflux Na+/H+ antiporter family transporter Tet(35)	core	AMR	AMR	TETRACYCLINE	TETRACYCLINE	BLASTX	533	533	100.0	99.81	533	WP_005480402.1	tetracycline efflux Na+/H+ antiporter family transporter Tet(35)			V_parahaemolyticus
	NZ_CP011884.1	2641423	2641884	-	tet(34)	oxytetracycline resistance phosphoribosyltransferase domain-containing protein Tet(34)	core	AMR	AMR	TETRACYCLINE	TETRACYCLINE	BLASTX	154	154	100.0	92.21	154	WP_005592781.1	oxytetracycline resistance phosphoribosyltransferase domain-containing protein Tet(34)			V_parahaemolyticus
	NZ_CP011885.1	1301763	1302611	+	blaCARB-18	carbenicillin-hydrolyzing class A beta-lactamase CARB-18	core	AMR	AMR	BETA-LACTAM	BETA-LACTAM	ALLELEX	283	283	100.0	100.0	283	WP_005459715.1	carbenicillin-hydrolyzing class A beta-lactamase CARB-18			V_parahaemolyticus
	NZ_CP010883.1	738208	738669	+	tet(34)	oxytetracycline resistance phosphoribosyltransferase domain-containing protein Tet(34)	core	AMR	AMR	TETRACYCLINE	TETRACYCLINE	BLASTX	154	154	100.0	92.21	154	WP_005592781.1	oxytetracycline resistance phosphoribosyltransferase domain-containing protein Tet(34)			V_parahaemolyticus
	NZ_CP010883.1	1320619	1322217	+	tet(35)	tetracycline efflux Na+/H+ antiporter family transporter Tet(35)	core	AMR	AMR	TETRACYCLINE	TETRACYCLINE	BLASTX	533	533	100.0	99.62	533	WP_005480402.1	tetracycline efflux Na+/H+ antiporter family transporter Tet(35)			V_parahaemolyticus
	NZ_CP010883.1	2688787	2689599	+	sul2	sulfonamide-resistant dihydropteroate synthase Sul2	core	AMR	AMR	SULFONAMIDE	SULFONAMIDE	EXACTX	271	271	100.0	100.0	271	WP_001043260.1	sulfonamide-resistant dihydropteroate synthase Sul2			V_parahaemolyticus
	NZ_CP010883.1	2689663	2690463	+	aph(3'')-Ib	aminoglycoside O-phosphotransferase APH(3'')-Ib	core	AMR	AMR	AMINOGLYCOSIDE	STREPTOMYCIN	EXACTX	267	267	100.0	100.0	267	WP_001082319.1	aminoglycoside O-phosphotransferase APH(3'')-Ib			V_parahaemolyticus
	NZ_CP010883.1	2690466	2691299	+	aph(6)-Id	aminoglycoside O-phosphotransferase APH(6)-Id	core	AMR	AMR	AMINOGLYCOSIDE	STREPTOMYCIN	EXACTX	278	278	100.0	100.0	278	WP_000480968.1	aminoglycoside O-phosphotransferase APH(6)-Id			V_parahaemolyticus
	NZ_CP010883.1	2692675	2693874	+	tet(59)	tetracycline efflux MFS transporter Tet(59)	core	AMR	AMR	TETRACYCLINE	TETRACYCLINE	EXACTX	400	400	100.0	100.0	400	WP_001031679.1	tetracycline efflux MFS transporter Tet(59)			V_parahaemolyticus
	NZ_CP010884.1	1359296	1360144	+	blaCARB-18	carbenicillin-hydrolyzing class A beta-lactamase CARB-18	core	AMR	AMR	BETA-LACTAM	BETA-LACTAM	ALLELEX	283	283	100.0	100.0	283	WP_005459715.1	carbenicillin-hydrolyzing class A beta-lactamase CARB-18			V_parahaemolyticus
	NZ_CP012950.1	2075953	2077551	-	tet(35)	tetracycline efflux Na+/H+ antiporter family transporter Tet(35)	core	AMR	AMR	TETRACYCLINE	TETRACYCLINE	BLASTX	533	533	100.0	99.62	533	WP_005480402.1	tetracycline efflux Na+/H+ antiporter family transporter Tet(35)			V_parahaemolyticus
	NZ_CP012950.1	2559935	2560396	-	tet(34)	oxytetracycline resistance phosphoribosyltransferase domain-containing protein Tet(34)	core	AMR	AMR	TETRACYCLINE	TETRACYCLINE	BLASTX	154	154	100.0	92.21	154	WP_005592781.1	oxytetracycline resistance phosphoribosyltransferase domain-containing protein Tet(34)			V_parahaemolyticus
	NZ_CP012951.1	1285119	1285967	+	blaCARB-18	carbenicillin-hydrolyzing class A beta-lactamase CARB-18	core	AMR	AMR	BETA-LACTAM	BETA-LACTAM	ALLELEX	283	283	100.0	100.0	283	WP_005459715.1	carbenicillin-hydrolyzing class A beta-lactamase CARB-18			V_parahaemolyticus
	NZ_CP013248.1	702473	702934	+	tet(34)	oxytetracycline resistance phosphoribosyltransferase domain-containing protein Tet(34)	core	AMR	AMR	TETRACYCLINE	TETRACYCLINE	BLASTX	154	154	100.0	92.21	154	WP_005592781.1	oxytetracycline resistance phosphoribosyltransferase domain-containing protein Tet(34)			V_parahaemolyticus
	NZ_CP013248.1	1193282	1194880	+	tet(35)	tetracycline efflux Na+/H+ antiporter family transporter Tet(35)	core	AMR	AMR	TETRACYCLINE	TETRACYCLINE	BLASTX	533	533	100.0	99.62	533	WP_005480402.1	tetracycline efflux Na+/H+ antiporter family transporter Tet(35)			V_parahaemolyticus
	NZ_CP013249.1	462126	462974	-	blaCARB-18	carbenicillin-hydrolyzing class A beta-lactamase CARB-18	core	AMR	AMR	BETA-LACTAM	BETA-LACTAM	ALLELEX	283	283	100.0	100.0	283	WP_005459715.1	carbenicillin-hydrolyzing class A beta-lactamase CARB-18			V_parahaemolyticus
	NZ_CP013826.1	2089028	2090626	-	tet(35)	tetracycline efflux Na+/H+ antiporter family transporter Tet(35)	core	AMR	AMR	TETRACYCLINE	TETRACYCLINE	BLASTX	533	533	100.0	99.25	533	WP_005480402.1	tetracycline efflux Na+/H+ antiporter family transporter Tet(35)			V_parahaemolyticus
	NZ_CP013826.1	2560884	2561345	-	tet(34)	oxytetracycline resistance phosphoribosyltransferase domain-containing protein Tet(34)	core	AMR	AMR	TETRACYCLINE	TETRACYCLINE	BLASTX	154	154	100.0	92.21	154	WP_005592781.1	oxytetracycline resistance phosphoribosyltransferase domain-containing protein Tet(34)			V_parahaemolyticus
	NZ_CP013827.1	474915	475763	-	blaCARB-18	carbenicillin-hydrolyzing class A beta-lactamase CARB-18	core	AMR	AMR	BETA-LACTAM	BETA-LACTAM	ALLELEX	283	283	100.0	100.0	283	WP_005459715.1	carbenicillin-hydrolyzing class A beta-lactamase CARB-18			V_parahaemolyticus
	NZ_CP043421.1	832984	834186	-	tet(B)	tetracycline efflux MFS transporter Tet(B)	core	AMR	AMR	TETRACYCLINE	TETRACYCLINE	EXACTX	401	401	100.0	100.0	401	WP_010446567.1	tetracycline efflux MFS transporter Tet(B)			V_parahaemolyticus
	NZ_CP043421.1	2280170	2281768	-	tet(35)	tetracycline efflux Na+/H+ antiporter family transporter Tet(35)	core	AMR	AMR	TETRACYCLINE	TETRACYCLINE	BLASTX	533	533	100.0	99.44	533	WP_005480402.1	tetracycline efflux Na+/H+ antiporter family transporter Tet(35)			V_parahaemolyticus
	NZ_CP043421.1	2768707	2769168	-	tet(34)	oxytetracycline resistance phosphoribosyltransferase domain-containing protein Tet(34)	core	AMR	AMR	TETRACYCLINE	TETRACYCLINE	BLASTX	154	154	100.0	92.21	154	WP_005592781.1	oxytetracycline resistance phosphoribosyltransferase domain-containing protein Tet(34)			V_parahaemolyticus
	NZ_CP043422.1	299527	300375	+	blaCARB-18	carbenicillin-hydrolyzing class A beta-lactamase CARB-18	core	AMR	AMR	BETA-LACTAM	BETA-LACTAM	ALLELEX	283	283	100.0	100.0	283	WP_005459715.1	carbenicillin-hydrolyzing class A beta-lactamase CARB-18			V_parahaemolyticus
	NZ_CP020427.2	677675	679273	-	tet(35)	tetracycline efflux Na+/H+ antiporter family transporter Tet(35)	core	AMR	AMR	TETRACYCLINE	TETRACYCLINE	EXACTX	533	533	100.0	100.0	533	WP_005480402.1	tetracycline efflux Na+/H+ antiporter family transporter Tet(35)			V_parahaemolyticus
	NZ_CP020427.2	1163037	1163498	-	tet(34)	oxytetracycline resistance phosphoribosyltransferase domain-containing protein Tet(34)	core	AMR	AMR	TETRACYCLINE	TETRACYCLINE	BLASTX	154	154	100.0	92.21	154	WP_005592781.1	oxytetracycline resistance phosphoribosyltransferase domain-containing protein Tet(34)			V_parahaemolyticus
	NZ_CP020428.2	212970	213818	+	blaCARB-22	carbenicillin-hydrolyzing class A beta-lactamase CARB-22	core	AMR	AMR	BETA-LACTAM	BETA-LACTAM	ALLELEX	283	283	100.0	100.0	283	WP_005479236.1	carbenicillin-hydrolyzing class A beta-lactamase CARB-22			V_parahaemolyticus
	NZ_CP022472.1	1301765	1302613	+	blaCARB-18	carbenicillin-hydrolyzing class A beta-lactamase CARB-18	core	AMR	AMR	BETA-LACTAM	BETA-LACTAM	ALLELEX	283	283	100.0	100.0	283	WP_005459715.1	carbenicillin-hydrolyzing class A beta-lactamase CARB-18			V_parahaemolyticus
	NZ_CP022473.1	2130634	2132232	-	tet(35)	tetracycline efflux Na+/H+ antiporter family transporter Tet(35)	core	AMR	AMR	TETRACYCLINE	TETRACYCLINE	BLASTX	533	533	100.0	99.81	533	WP_005480402.1	tetracycline efflux Na+/H+ antiporter family transporter Tet(35)			V_parahaemolyticus
	NZ_CP022473.1	2641426	2641887	-	tet(34)	oxytetracycline resistance phosphoribosyltransferase domain-containing protein Tet(34)	core	AMR	AMR	TETRACYCLINE	TETRACYCLINE	BLASTX	154	154	100.0	92.21	154	WP_005592781.1	oxytetracycline resistance phosphoribosyltransferase domain-containing protein Tet(34)			V_parahaemolyticus
	NZ_CP022552.2	1093207	1093668	+	tet(34)	oxytetracycline resistance phosphoribosyltransferase domain-containing protein Tet(34)	core	AMR	AMR	TETRACYCLINE	TETRACYCLINE	BLASTX	154	154	100.0	92.21	154	WP_005592781.1	oxytetracycline resistance phosphoribosyltransferase domain-containing protein Tet(34)			V_parahaemolyticus
	NZ_CP022552.2	1631395	1632993	+	tet(35)	tetracycline efflux Na+/H+ antiporter family transporter Tet(35)	core	AMR	AMR	TETRACYCLINE	TETRACYCLINE	BLASTX	533	533	100.0	99.81	533	WP_005480402.1	tetracycline efflux Na+/H+ antiporter family transporter Tet(35)			V_parahaemolyticus
	NZ_CP022553.2	1162690	1163538	+	blaCARB-18	carbenicillin-hydrolyzing class A beta-lactamase CARB-18	core	AMR	AMR	BETA-LACTAM	BETA-LACTAM	ALLELEX	283	283	100.0	100.0	283	WP_005459715.1	carbenicillin-hydrolyzing class A beta-lactamase CARB-18			V_parahaemolyticus
	NZ_CP023247.2	1152551	1153399	+	blaCARB-30	carbenicillin-hydrolyzing class A beta-lactamase CARB-30	core	AMR	AMR	BETA-LACTAM	BETA-LACTAM	ALLELEX	283	283	100.0	100.0	283	WP_005498292.1	carbenicillin-hydrolyzing class A beta-lactamase CARB-30			V_parahaemolyticus
	NZ_CP023248.2	2120677	2122275	-	tet(35)	tetracycline efflux Na+/H+ antiporter family transporter Tet(35)	core	AMR	AMR	TETRACYCLINE	TETRACYCLINE	BLASTX	533	533	100.0	99.81	533	WP_005480402.1	tetracycline efflux Na+/H+ antiporter family transporter Tet(35)			V_parahaemolyticus
	NZ_CP023248.2	2583530	2583991	-	tet(34)	oxytetracycline resistance phosphoribosyltransferase domain-containing protein Tet(34)	core	AMR	AMR	TETRACYCLINE	TETRACYCLINE	BLASTX	154	154	100.0	92.21	154	WP_005592781.1	oxytetracycline resistance phosphoribosyltransferase domain-containing protein Tet(34)			V_parahaemolyticus
	NZ_CP028481.1	699075	699536	+	tet(34)	oxytetracycline resistance phosphoribosyltransferase domain-containing protein Tet(34)	core	AMR	AMR	TETRACYCLINE	TETRACYCLINE	BLASTX	154	154	100.0	92.21	154	WP_005592781.1	oxytetracycline resistance phosphoribosyltransferase domain-containing protein Tet(34)			V_parahaemolyticus
	NZ_CP028481.1	1165454	1167052	+	tet(35)	tetracycline efflux Na+/H+ antiporter family transporter Tet(35)	core	AMR	AMR	TETRACYCLINE	TETRACYCLINE	BLASTX	533	533	100.0	99.81	533	WP_005480402.1	tetracycline efflux Na+/H+ antiporter family transporter Tet(35)			V_parahaemolyticus
	NZ_CP028482.1	1684670	1685518	-	blaCARB-20	carbenicillin-hydrolyzing class A beta-lactamase CARB-20	core	AMR	AMR	BETA-LACTAM	BETA-LACTAM	ALLELEX	283	283	100.0	100.0	283	WP_020835015.1	carbenicillin-hydrolyzing class A beta-lactamase CARB-20			V_parahaemolyticus
	NZ_CP028141.1	2014061	2015659	-	tet(35)	tetracycline efflux Na+/H+ antiporter family transporter Tet(35)	core	AMR	AMR	TETRACYCLINE	TETRACYCLINE	BLASTX	533	533	100.0	99.81	533	WP_005480402.1	tetracycline efflux Na+/H+ antiporter family transporter Tet(35)			V_parahaemolyticus
	NZ_CP028141.1	2487264	2487725	-	tet(34)	oxytetracycline resistance phosphoribosyltransferase domain-containing protein Tet(34)	core	AMR	AMR	TETRACYCLINE	TETRACYCLINE	BLASTX	154	154	100.0	92.21	154	WP_005592781.1	oxytetracycline resistance phosphoribosyltransferase domain-containing protein Tet(34)			V_parahaemolyticus
	NZ_CP028142.1	700702	701550	+	blaCARB-18	carbenicillin-hydrolyzing class A beta-lactamase CARB-18	core	AMR	AMR	BETA-LACTAM	BETA-LACTAM	ALLELEX	283	283	100.0	100.0	283	WP_005459715.1	carbenicillin-hydrolyzing class A beta-lactamase CARB-18			V_parahaemolyticus
	NZ_CP020034.1	2163696	2165294	-	tet(35)	tetracycline efflux Na+/H+ antiporter family transporter Tet(35)	core	AMR	AMR	TETRACYCLINE	TETRACYCLINE	BLASTX	533	533	100.0	99.62	533	WP_005480402.1	tetracycline efflux Na+/H+ antiporter family transporter Tet(35)			V_parahaemolyticus
	NZ_CP020034.1	2659417	2659878	-	tet(34)	oxytetracycline resistance phosphoribosyltransferase domain-containing protein Tet(34)	core	AMR	AMR	TETRACYCLINE	TETRACYCLINE	BLASTX	154	154	100.0	92.21	154	WP_005592781.1	oxytetracycline resistance phosphoribosyltransferase domain-containing protein Tet(34)			V_parahaemolyticus
	NZ_CP020035.1	465960	466808	-	blaCARB-18	carbenicillin-hydrolyzing class A beta-lactamase CARB-18	core	AMR	AMR	BETA-LACTAM	BETA-LACTAM	ALLELEX	283	283	100.0	100.0	283	WP_005459715.1	carbenicillin-hydrolyzing class A beta-lactamase CARB-18			V_parahaemolyticus
	NZ_CP028342.1	2034675	2036273	-	tet(35)	tetracycline efflux Na+/H+ antiporter family transporter Tet(35)	core	AMR	AMR	TETRACYCLINE	TETRACYCLINE	BLASTX	533	533	100.0	99.81	533	WP_005480402.1	tetracycline efflux Na+/H+ antiporter family transporter Tet(35)			V_parahaemolyticus
	NZ_CP028342.1	2507879	2508340	-	tet(34)	oxytetracycline resistance phosphoribosyltransferase domain-containing protein Tet(34)	core	AMR	AMR	TETRACYCLINE	TETRACYCLINE	BLASTX	154	154	100.0	92.21	154	WP_005592781.1	oxytetracycline resistance phosphoribosyltransferase domain-containing protein Tet(34)			V_parahaemolyticus
	NZ_CP028343.1	1113478	1114326	-	blaCARB-18	carbenicillin-hydrolyzing class A beta-lactamase CARB-18	core	AMR	AMR	BETA-LACTAM	BETA-LACTAM	ALLELEX	283	283	100.0	100.0	283	WP_005459715.1	carbenicillin-hydrolyzing class A beta-lactamase CARB-18			V_parahaemolyticus
	NZ_CP022243.1	710306	710767	+	tet(34)	oxytetracycline resistance phosphoribosyltransferase domain-containing protein Tet(34)	core	AMR	AMR	TETRACYCLINE	TETRACYCLINE	BLASTX	154	154	100.0	92.21	154	WP_005592781.1	oxytetracycline resistance phosphoribosyltransferase domain-containing protein Tet(34)			V_parahaemolyticus
	NZ_CP022243.1	1207386	1208984	+	tet(35)	tetracycline efflux Na+/H+ antiporter family transporter Tet(35)	core	AMR	AMR	TETRACYCLINE	TETRACYCLINE	BLASTX	533	533	100.0	99.62	533	WP_005480402.1	tetracycline efflux Na+/H+ antiporter family transporter Tet(35)			V_parahaemolyticus
	NZ_CP022244.1	505634	506482	-	blaCARB-24	carbenicillin-hydrolyzing class A beta-lactamase CARB-24	core	AMR	AMR	BETA-LACTAM	BETA-LACTAM	ALLELEX	283	283	100.0	100.0	283	WP_031413517.1	carbenicillin-hydrolyzing class A beta-lactamase CARB-24			V_parahaemolyticus
	NZ_CP023472.1	679376	679837	+	tet(34)	oxytetracycline resistance phosphoribosyltransferase domain-containing protein Tet(34)	core	AMR	AMR	TETRACYCLINE	TETRACYCLINE	BLASTX	154	154	100.0	92.21	154	WP_005592781.1	oxytetracycline resistance phosphoribosyltransferase domain-containing protein Tet(34)			V_parahaemolyticus
	NZ_CP023472.1	2204327	2205925	-	tet(35)	tetracycline efflux Na+/H+ antiporter family transporter Tet(35)	core	AMR	AMR	TETRACYCLINE	TETRACYCLINE	BLASTX	533	533	100.0	99.44	533	WP_005480402.1	tetracycline efflux Na+/H+ antiporter family transporter Tet(35)			V_parahaemolyticus
	NZ_CP023473.1	1316412	1317260	+	blaCARB-18	carbenicillin-hydrolyzing class A beta-lactamase CARB-18	core	AMR	AMR	BETA-LACTAM	BETA-LACTAM	ALLELEX	283	283	100.0	100.0	283	WP_005459715.1	carbenicillin-hydrolyzing class A beta-lactamase CARB-18			V_parahaemolyticus
	NZ_CP023485.1	675848	676309	+	tet(34)	oxytetracycline resistance phosphoribosyltransferase domain-containing protein Tet(34)	core	AMR	AMR	TETRACYCLINE	TETRACYCLINE	BLASTX	154	154	100.0	92.21	154	WP_005592781.1	oxytetracycline resistance phosphoribosyltransferase domain-containing protein Tet(34)			V_parahaemolyticus
	NZ_CP023485.1	1177414	1179012	+	tet(35)	tetracycline efflux Na+/H+ antiporter family transporter Tet(35)	core	AMR	AMR	TETRACYCLINE	TETRACYCLINE	BLASTX	533	533	100.0	99.62	533	WP_005480402.1	tetracycline efflux Na+/H+ antiporter family transporter Tet(35)			V_parahaemolyticus
	NZ_CP023486.1	1297184	1298032	+	blaCARB-18	carbenicillin-hydrolyzing class A beta-lactamase CARB-18	core	AMR	AMR	BETA-LACTAM	BETA-LACTAM	ALLELEX	283	283	100.0	100.0	283	WP_005459715.1	carbenicillin-hydrolyzing class A beta-lactamase CARB-18			V_parahaemolyticus
	NZ_CP033141.1	2251622	2253220	-	tet(35)	tetracycline efflux Na+/H+ antiporter family transporter Tet(35)	core	AMR	AMR	TETRACYCLINE	TETRACYCLINE	BLASTX	533	533	100.0	99.44	533	WP_005480402.1	tetracycline efflux Na+/H+ antiporter family transporter Tet(35)			V_parahaemolyticus
	NZ_CP033141.1	2760565	2761026	-	tet(34)	oxytetracycline resistance phosphoribosyltransferase domain-containing protein Tet(34)	core	AMR	AMR	TETRACYCLINE	TETRACYCLINE	BLASTX	154	154	100.0	92.21	154	WP_005592781.1	oxytetracycline resistance phosphoribosyltransferase domain-containing protein Tet(34)			V_parahaemolyticus
	NZ_CP033141.1	3389620	3390822	-	tet(B)	tetracycline efflux MFS transporter Tet(B)	core	AMR	AMR	TETRACYCLINE	TETRACYCLINE	EXACTX	401	401	100.0	100.0	401	WP_010446567.1	tetracycline efflux MFS transporter Tet(B)			V_parahaemolyticus
	NZ_CP033142.1	1328114	1328962	-	blaCARB-17	carbenicillin-hydrolyzing class A beta-lactamase CARB-17	core	AMR	AMR	BETA-LACTAM	BETA-LACTAM	ALLELEX	283	283	100.0	100.0	283	WP_023624728.1	carbenicillin-hydrolyzing class A beta-lactamase CARB-17			V_parahaemolyticus
	NZ_CP031781.1	2069982	2071580	-	tet(35)	tetracycline efflux Na+/H+ antiporter family transporter Tet(35)	core	AMR	AMR	TETRACYCLINE	TETRACYCLINE	EXACTX	533	533	100.0	100.0	533	WP_005480402.1	tetracycline efflux Na+/H+ antiporter family transporter Tet(35)			V_parahaemolyticus
	NZ_CP031781.1	2555338	2555799	-	tet(34)	oxytetracycline resistance phosphoribosyltransferase domain-containing protein Tet(34)	core	AMR	AMR	TETRACYCLINE	TETRACYCLINE	BLASTX	154	154	100.0	92.21	154	WP_005592781.1	oxytetracycline resistance phosphoribosyltransferase domain-containing protein Tet(34)			V_parahaemolyticus
	NZ_CP031782.1	171816	172664	-	blaCARB-22	carbenicillin-hydrolyzing class A beta-lactamase CARB-22	core	AMR	AMR	BETA-LACTAM	BETA-LACTAM	ALLELEX	283	283	100.0	100.0	283	WP_005479236.1	carbenicillin-hydrolyzing class A beta-lactamase CARB-22			V_parahaemolyticus
	NZ_CP007634.1	98147	99358	+	floR	chloramphenicol/florfenicol efflux MFS transporter FloR	core	AMR	AMR	PHENICOL	CHLORAMPHENICOL/FLORFENICOL	EXACTX	404	404	100.0	100.0	404	WP_000214119.1	chloramphenicol/florfenicol efflux MFS transporter FloR			V_cholerae
	NZ_CP007634.1	100320	101153	-	aph(6)-Id	aminoglycoside O-phosphotransferase APH(6)-Id	core	AMR	AMR	AMINOGLYCOSIDE	STREPTOMYCIN	EXACTX	278	278	100.0	100.0	278	WP_000480968.1	aminoglycoside O-phosphotransferase APH(6)-Id			V_cholerae
	NZ_CP007634.1	101156	101956	-	aph(3'')-Ib	aminoglycoside O-phosphotransferase APH(3'')-Ib	core	AMR	AMR	AMINOGLYCOSIDE	STREPTOMYCIN	BLASTX	267	267	100.0	99.63	267	WP_001082319.1	aminoglycoside O-phosphotransferase APH(3'')-Ib			V_cholerae
	NZ_CP007634.1	102020	102832	-	sul2	sulfonamide-resistant dihydropteroate synthase Sul2	core	AMR	AMR	SULFONAMIDE	SULFONAMIDE	EXACTX	271	271	100.0	100.0	271	WP_001043260.1	sulfonamide-resistant dihydropteroate synthase Sul2			V_cholerae
	NZ_CP007634.1	109324	110535	+	floR	chloramphenicol/florfenicol efflux MFS transporter FloR	core	AMR	AMR	PHENICOL	CHLORAMPHENICOL/FLORFENICOL	EXACTX	404	404	100.0	100.0	404	WP_000214119.1	chloramphenicol/florfenicol efflux MFS transporter FloR			V_cholerae
	NZ_CP007634.1	111497	112330	-	aph(6)-Id	aminoglycoside O-phosphotransferase APH(6)-Id	core	AMR	AMR	AMINOGLYCOSIDE	STREPTOMYCIN	EXACTX	278	278	100.0	100.0	278	WP_000480968.1	aminoglycoside O-phosphotransferase APH(6)-Id			V_cholerae
	NZ_CP007634.1	112333	113133	-	aph(3'')-Ib	aminoglycoside O-phosphotransferase APH(3'')-Ib	core	AMR	AMR	AMINOGLYCOSIDE	STREPTOMYCIN	BLASTX	267	267	100.0	99.63	267	WP_001082319.1	aminoglycoside O-phosphotransferase APH(3'')-Ib			V_cholerae
	NZ_CP007634.1	113197	114009	-	sul2	sulfonamide-resistant dihydropteroate synthase Sul2	core	AMR	AMR	SULFONAMIDE	SULFONAMIDE	EXACTX	271	271	100.0	100.0	271	WP_001043260.1	sulfonamide-resistant dihydropteroate synthase Sul2			V_cholerae
	NZ_CP007634.1	163684	164154	-	dfrA1	trimethoprim-resistant dihydrofolate reductase DfrA1	core	AMR	AMR	TRIMETHOPRIM	TRIMETHOPRIM	EXACTX	157	157	100.0	100.0	157	WP_000777554.1	trimethoprim-resistant dihydrofolate reductase DfrA1			V_cholerae
	NZ_CP007634.1	1143219	1144340	+	varG	VarG family subclass B1-like metallo-beta-lactamase	core	AMR	AMR	BETA-LACTAM	CARBAPENEM	EXACTX	374	374	100.0	100.0	374	WP_000778180.1	VarG family subclass B1-like metallo-beta-lactamase			V_cholerae
	NZ_CP007634.1	1156342	1157160	-	almG	glycine--lipid A transferase AlmG	core	AMR	AMR	COLISTIN	COLISTIN	EXACTX	273	273	100.0	100.0	273	WP_001881365.1	glycine--lipid A transferase AlmG			V_cholerae
	NZ_CP007634.1	1157165	1157398	-	almF	lipid A modification system glycine carrier protein AlmF	core	AMR	AMR	COLISTIN	COLISTIN	EXACTX	78	78	100.0	100.0	78	WP_000806242.1	lipid A modification system glycine carrier protein AlmF			V_cholerae
	NZ_CP007634.1	1157385	1159052	-	almE	lipid A modification system glycine--protein ligase AlmE	core	AMR	AMR	COLISTIN	COLISTIN	BLASTX	556	556	100.0	98.38	556	WP_252944138.1	lipid A modification system glycine--protein ligase AlmE			V_cholerae
	NZ_CP007635.1	40302	40928	+	catB9	type B-5 chloramphenicol O-acetyltransferase CatB9	core	AMR	AMR	PHENICOL	CHLORAMPHENICOL	EXACTX	209	209	100.0	100.0	209	WP_001009012.1	type B-5 chloramphenicol O-acetyltransferase CatB9			V_cholerae
	NZ_CP007636.1	37385	38242	+	blaTEM-1	broad-spectrum class A beta-lactamase TEM-1	core	AMR	AMR	BETA-LACTAM	BETA-LACTAM	ALLELEX	286	286	100.0	100.0	286	WP_000027057.1	broad-spectrum class A beta-lactamase TEM-1			V_cholerae
	NZ_CP007636.1	38427	39227	+	aac(3)-IIe	aminoglycoside N-acetyltransferase AAC(3)-IIe	core	AMR	AMR	AMINOGLYCOSIDE	GENTAMICIN	BLASTX	267	286	93.36	100.0	267	WP_000557452.1	aminoglycoside N-acetyltransferase AAC(3)-IIe			V_cholerae
	NZ_CP007636.1	44422	45633	+	floR	chloramphenicol/florfenicol efflux MFS transporter FloR	core	AMR	AMR	PHENICOL	CHLORAMPHENICOL/FLORFENICOL	EXACTX	404	404	100.0	100.0	404	WP_000214119.1	chloramphenicol/florfenicol efflux MFS transporter FloR			V_cholerae
	NZ_CP007636.1	46239	47435	-	tet(A)	tetracycline efflux MFS transporter Tet(A)	core	AMR	AMR	TETRACYCLINE	TETRACYCLINE	EXACTX	399	399	100.0	100.0	399	WP_000804063.1	tetracycline efflux MFS transporter Tet(A)			V_cholerae
	NZ_CP007636.1	48774	49607	-	aph(6)-Id	aminoglycoside O-phosphotransferase APH(6)-Id	core	AMR	AMR	AMINOGLYCOSIDE	STREPTOMYCIN	EXACTX	278	278	100.0	100.0	278	WP_000480968.1	aminoglycoside O-phosphotransferase APH(6)-Id			V_cholerae
	NZ_CP007636.1	49610	50410	-	aph(3'')-Ib	aminoglycoside O-phosphotransferase APH(3'')-Ib	core	AMR	AMR	AMINOGLYCOSIDE	STREPTOMYCIN	EXACTX	267	267	100.0	100.0	267	WP_001082319.1	aminoglycoside O-phosphotransferase APH(3'')-Ib			V_cholerae
	NZ_CP007636.1	50474	51286	-	sul2	sulfonamide-resistant dihydropteroate synthase Sul2	core	AMR	AMR	SULFONAMIDE	SULFONAMIDE	EXACTX	271	271	100.0	100.0	271	WP_001043260.1	sulfonamide-resistant dihydropteroate synthase Sul2			V_cholerae
	NZ_CP007636.1	79627	80769	+	blaCMY-2	extended-spectrum class C beta-lactamase CMY-2	core	AMR	AMR	BETA-LACTAM	CEPHALOSPORIN	ALLELEX	381	381	100.0	100.0	381	WP_000976514.1	extended-spectrum class C beta-lactamase CMY-2			V_cholerae
	NZ_CP007636.1	133382	133831	+	arr-3	NAD(+)--rifampin ADP-ribosyltransferase Arr-3	core	AMR	AMR	RIFAMYCIN	RIFAMYCIN	EXACTX	150	150	100.0	100.0	150	WP_001749986.1	NAD(+)--rifampin ADP-ribosyltransferase Arr-3			V_cholerae
	NZ_CP007636.1	133967	134437	+	dfrA27	trimethoprim-resistant dihydrofolate reductase DfrA27	core	AMR	AMR	TRIMETHOPRIM	TRIMETHOPRIM	EXACTX	157	157	100.0	100.0	157	WP_001749985.1	trimethoprim-resistant dihydrofolate reductase DfrA27			V_cholerae
	NZ_CP007636.1	134621	135427	+	aadA16	ANT(3'')-Ia family aminoglycoside nucleotidyltransferase AadA16	core	AMR	AMR	AMINOGLYCOSIDE	STREPTOMYCIN	BLASTX	269	281	95.73	100.0	269	WP_001749984.1	ANT(3'')-Ia family aminoglycoside nucleotidyltransferase AadA16			V_cholerae
	NZ_CP007636.1	137530	137874	+	qacEdelta1	quaternary ammonium compound efflux SMR transporter QacE delta 1	core	STRESS	BIOCIDE	QUATERNARY AMMONIUM	QUATERNARY AMMONIUM	ALLELEX	115	115	100.0	100.0	115	WP_000679427.1	quaternary ammonium compound efflux SMR transporter QacE delta 1			V_cholerae
	NZ_CP007636.1	137871	138707	+	sul1	sulfonamide-resistant dihydropteroate synthase Sul1	core	AMR	AMR	SULFONAMIDE	SULFONAMIDE	EXACTX	279	279	100.0	100.0	279	WP_000259031.1	sulfonamide-resistant dihydropteroate synthase Sul1			V_cholerae
	NZ_CP007636.1	141155	142027	+	blaCTX-M-2	extended-spectrum class A beta-lactamase CTX-M-2	core	AMR	AMR	BETA-LACTAM	CEPHALOSPORIN	ALLELEX	291	291	100.0	100.0	291	WP_025368620.1	extended-spectrum class A beta-lactamase CTX-M-2			V_cholerae
	NZ_CP007636.1	143114	143458	+	qacEdelta1	quaternary ammonium compound efflux SMR transporter QacE delta 1	core	STRESS	BIOCIDE	QUATERNARY AMMONIUM	QUATERNARY AMMONIUM	ALLELEX	115	115	100.0	100.0	115	WP_000679427.1	quaternary ammonium compound efflux SMR transporter QacE delta 1			V_cholerae
	NZ_CP007636.1	143455	144291	+	sul1	sulfonamide-resistant dihydropteroate synthase Sul1	core	AMR	AMR	SULFONAMIDE	SULFONAMIDE	EXACTX	279	279	100.0	100.0	279	WP_000259031.1	sulfonamide-resistant dihydropteroate synthase Sul1			V_cholerae
	NZ_CP007636.1	150935	151837	-	mph(A)	Mph(A) family macrolide 2'-phosphotransferase	core	AMR	AMR	MACROLIDE	AZITHROMYCIN/ERYTHROMYCIN/SPIRAMYCIN/TELITHROMYCIN	EXACTX	301	301	100.0	100.0	301	WP_000219391.1	Mph(A) family macrolide 2'-phosphotransferase			V_cholerae
	NZ_CP012997.1	913345	913971	-	catB9	type B-5 chloramphenicol O-acetyltransferase CatB9	core	AMR	AMR	PHENICOL	CHLORAMPHENICOL	EXACTX	209	209	100.0	100.0	209	WP_001009012.1	type B-5 chloramphenicol O-acetyltransferase CatB9			V_cholerae
	NZ_CP012998.1	1160172	1161293	+	varG	VarG family subclass B1-like metallo-beta-lactamase	core	AMR	AMR	BETA-LACTAM	CARBAPENEM	BLASTX	374	374	100.0	99.73	374	WP_000778180.1	VarG family subclass B1-like metallo-beta-lactamase			V_cholerae
	NZ_CP012998.1	1173280	1174098	-	almG	glycine--lipid A transferase AlmG	core	AMR	AMR	COLISTIN	COLISTIN	BLASTX	273	273	100.0	98.9	273	WP_001881365.1	glycine--lipid A transferase AlmG			V_cholerae
	NZ_CP012998.1	1174103	1174336	-	almF	lipid A modification system glycine carrier protein AlmF	core	AMR	AMR	COLISTIN	COLISTIN	EXACTX	78	78	100.0	100.0	78	WP_000806242.1	lipid A modification system glycine carrier protein AlmF			V_cholerae
	NZ_CP012998.1	1174323	1175990	-	almE	lipid A modification system glycine--protein ligase AlmE	core	AMR	AMR	COLISTIN	COLISTIN	BLASTX	556	556	100.0	98.74	556	WP_252944138.1	lipid A modification system glycine--protein ligase AlmE			V_cholerae
	NZ_CP010811.1	1341025	1342692	+	almE	lipid A modification system glycine--protein ligase AlmE	core	AMR	AMR	COLISTIN	COLISTIN	BLASTX	556	556	100.0	98.56	556	WP_252944138.1	lipid A modification system glycine--protein ligase AlmE			V_cholerae
	NZ_CP010811.1	1342679	1342912	+	almF	lipid A modification system glycine carrier protein AlmF	core	AMR	AMR	COLISTIN	COLISTIN	EXACTX	78	78	100.0	100.0	78	WP_000806242.1	lipid A modification system glycine carrier protein AlmF			V_cholerae
	NZ_CP010811.1	1342917	1343735	+	almG	glycine--lipid A transferase AlmG	core	AMR	AMR	COLISTIN	COLISTIN	BLASTX	273	273	100.0	99.63	273	WP_001881365.1	glycine--lipid A transferase AlmG			V_cholerae
	NZ_CP010811.1	1355737	1356858	-	varG	VarG family subclass B1-like metallo-beta-lactamase	core	AMR	AMR	BETA-LACTAM	CARBAPENEM	BLASTX	374	374	100.0	99.47	374	WP_000778180.1	VarG family subclass B1-like metallo-beta-lactamase			V_cholerae
	NZ_CP010812.1	2389225	2390346	+	varG	VarG family subclass B1-like metallo-beta-lactamase	core	AMR	AMR	BETA-LACTAM	CARBAPENEM	BLASTX	374	374	100.0	99.2	374	WP_000778180.1	VarG family subclass B1-like metallo-beta-lactamase			V_cholerae
	NZ_CP010812.1	2402325	2403143	-	almG	glycine--lipid A transferase AlmG	core	AMR	AMR	COLISTIN	COLISTIN	BLASTX	273	273	100.0	97.44	273	WP_001881365.1	glycine--lipid A transferase AlmG			V_cholerae
	NZ_CP010812.1	2403148	2403381	-	almF	lipid A modification system glycine carrier protein AlmF	core	AMR	AMR	COLISTIN	COLISTIN	EXACTX	78	78	100.0	100.0	78	WP_000806242.1	lipid A modification system glycine carrier protein AlmF			V_cholerae
	NZ_CP010812.1	2403368	2405035	-	almE	lipid A modification system glycine--protein ligase AlmE	core	AMR	AMR	COLISTIN	COLISTIN	BLASTX	556	556	100.0	98.02	556	WP_252944138.1	lipid A modification system glycine--protein ligase AlmE			V_cholerae
	NZ_LT907989.1	1674334	1675455	+	varG	VarG family subclass B1-like metallo-beta-lactamase	core	AMR	AMR	BETA-LACTAM	CARBAPENEM	EXACTX	374	374	100.0	100.0	374	WP_000778180.1	VarG family subclass B1-like metallo-beta-lactamase			V_cholerae
	NZ_LT907989.1	1687457	1688275	-	almG	glycine--lipid A transferase AlmG	core	AMR	AMR	COLISTIN	COLISTIN	EXACTX	273	273	100.0	100.0	273	WP_001881365.1	glycine--lipid A transferase AlmG			V_cholerae
	NZ_LT907989.1	1688280	1688513	-	almF	lipid A modification system glycine carrier protein AlmF	core	AMR	AMR	COLISTIN	COLISTIN	EXACTX	78	78	100.0	100.0	78	WP_000806242.1	lipid A modification system glycine carrier protein AlmF			V_cholerae
	NZ_LT907989.1	1688500	1690167	-	almE	lipid A modification system glycine--protein ligase AlmE	core	AMR	AMR	COLISTIN	COLISTIN	BLASTX	556	556	100.0	98.38	556	WP_252944138.1	lipid A modification system glycine--protein ligase AlmE			V_cholerae
	NZ_LT907990.1	315307	315933	+	catB9	type B-5 chloramphenicol O-acetyltransferase CatB9	core	AMR	AMR	PHENICOL	CHLORAMPHENICOL	EXACTX	209	209	100.0	100.0	209	WP_001009012.1	type B-5 chloramphenicol O-acetyltransferase CatB9			V_cholerae
	NZ_CP013013.1	914542	915168	-	catB9	type B-5 chloramphenicol O-acetyltransferase CatB9	core	AMR	AMR	PHENICOL	CHLORAMPHENICOL	EXACTX	209	209	100.0	100.0	209	WP_001009012.1	type B-5 chloramphenicol O-acetyltransferase CatB9			V_cholerae
	NZ_CP013014.1	1160339	1161460	+	varG	VarG family subclass B1-like metallo-beta-lactamase	core	AMR	AMR	BETA-LACTAM	CARBAPENEM	BLASTX	374	374	100.0	99.73	374	WP_000778180.1	VarG family subclass B1-like metallo-beta-lactamase			V_cholerae
	NZ_CP013014.1	1173447	1174265	-	almG	glycine--lipid A transferase AlmG	core	AMR	AMR	COLISTIN	COLISTIN	BLASTX	273	273	100.0	98.9	273	WP_001881365.1	glycine--lipid A transferase AlmG			V_cholerae
	NZ_CP013014.1	1174270	1174503	-	almF	lipid A modification system glycine carrier protein AlmF	core	AMR	AMR	COLISTIN	COLISTIN	EXACTX	78	78	100.0	100.0	78	WP_000806242.1	lipid A modification system glycine carrier protein AlmF			V_cholerae
	NZ_CP013014.1	1174490	1176157	-	almE	lipid A modification system glycine--protein ligase AlmE	core	AMR	AMR	COLISTIN	COLISTIN	BLASTX	556	556	100.0	98.74	556	WP_252944138.1	lipid A modification system glycine--protein ligase AlmE			V_cholerae
	NZ_CP013301.1	1681540	1682661	+	varG	VarG family subclass B1-like metallo-beta-lactamase	core	AMR	AMR	BETA-LACTAM	CARBAPENEM	EXACTX	374	374	100.0	100.0	374	WP_000778180.1	VarG family subclass B1-like metallo-beta-lactamase			V_cholerae
	NZ_CP013301.1	1694663	1695481	-	almG	glycine--lipid A transferase AlmG	core	AMR	AMR	COLISTIN	COLISTIN	EXACTX	273	273	100.0	100.0	273	WP_001881365.1	glycine--lipid A transferase AlmG			V_cholerae
	NZ_CP013301.1	1695486	1695719	-	almF	lipid A modification system glycine carrier protein AlmF	core	AMR	AMR	COLISTIN	COLISTIN	EXACTX	78	78	100.0	100.0	78	WP_000806242.1	lipid A modification system glycine carrier protein AlmF			V_cholerae
	NZ_CP013301.1	1695706	1697373	-	almE	lipid A modification system glycine--protein ligase AlmE	core	AMR	AMR	COLISTIN	COLISTIN	BLASTX	556	556	100.0	98.38	556	WP_252944138.1	lipid A modification system glycine--protein ligase AlmE			V_cholerae
	NZ_CP013302.1	313959	314585	+	catB9	type B-5 chloramphenicol O-acetyltransferase CatB9	core	AMR	AMR	PHENICOL	CHLORAMPHENICOL	EXACTX	209	209	100.0	100.0	209	WP_001009012.1	type B-5 chloramphenicol O-acetyltransferase CatB9			V_cholerae
	NZ_CP013311.1	1677596	1678717	+	varG	VarG family subclass B1-like metallo-beta-lactamase	core	AMR	AMR	BETA-LACTAM	CARBAPENEM	EXACTX	374	374	100.0	100.0	374	WP_000778180.1	VarG family subclass B1-like metallo-beta-lactamase			V_cholerae
	NZ_CP013311.1	1690719	1691537	-	almG	glycine--lipid A transferase AlmG	core	AMR	AMR	COLISTIN	COLISTIN	EXACTX	273	273	100.0	100.0	273	WP_001881365.1	glycine--lipid A transferase AlmG			V_cholerae
	NZ_CP013311.1	1691542	1691775	-	almF	lipid A modification system glycine carrier protein AlmF	core	AMR	AMR	COLISTIN	COLISTIN	EXACTX	78	78	100.0	100.0	78	WP_000806242.1	lipid A modification system glycine carrier protein AlmF			V_cholerae
	NZ_CP013311.1	1691762	1693429	-	almE	lipid A modification system glycine--protein ligase AlmE	core	AMR	AMR	COLISTIN	COLISTIN	BLASTX	556	556	100.0	98.56	556	WP_252944138.1	lipid A modification system glycine--protein ligase AlmE			V_cholerae
	NZ_CP013312.1	695612	696238	+	catB9	type B-5 chloramphenicol O-acetyltransferase CatB9	core	AMR	AMR	PHENICOL	CHLORAMPHENICOL	BLASTX	209	209	100.0	99.52	209	WP_001009012.1	type B-5 chloramphenicol O-acetyltransferase CatB9			V_cholerae
	NZ_CP013303.1	1678710	1679831	+	varG	VarG family subclass B1-like metallo-beta-lactamase	core	AMR	AMR	BETA-LACTAM	CARBAPENEM	EXACTX	374	374	100.0	100.0	374	WP_000778180.1	VarG family subclass B1-like metallo-beta-lactamase			V_cholerae
	NZ_CP013303.1	1691833	1692651	-	almG	glycine--lipid A transferase AlmG	core	AMR	AMR	COLISTIN	COLISTIN	EXACTX	273	273	100.0	100.0	273	WP_001881365.1	glycine--lipid A transferase AlmG			V_cholerae
	NZ_CP013303.1	1692656	1692889	-	almF	lipid A modification system glycine carrier protein AlmF	core	AMR	AMR	COLISTIN	COLISTIN	EXACTX	78	78	100.0	100.0	78	WP_000806242.1	lipid A modification system glycine carrier protein AlmF			V_cholerae
	NZ_CP013303.1	1692876	1694543	-	almE	lipid A modification system glycine--protein ligase AlmE	core	AMR	AMR	COLISTIN	COLISTIN	BLASTX	556	556	100.0	98.38	556	WP_252944138.1	lipid A modification system glycine--protein ligase AlmE			V_cholerae
	NZ_CP013304.1	314001	314627	+	catB9	type B-5 chloramphenicol O-acetyltransferase CatB9	core	AMR	AMR	PHENICOL	CHLORAMPHENICOL	EXACTX	209	209	100.0	100.0	209	WP_001009012.1	type B-5 chloramphenicol O-acetyltransferase CatB9			V_cholerae
	NZ_CP013305.1	1678727	1679848	+	varG	VarG family subclass B1-like metallo-beta-lactamase	core	AMR	AMR	BETA-LACTAM	CARBAPENEM	EXACTX	374	374	100.0	100.0	374	WP_000778180.1	VarG family subclass B1-like metallo-beta-lactamase			V_cholerae
	NZ_CP013305.1	1691850	1692668	-	almG	glycine--lipid A transferase AlmG	core	AMR	AMR	COLISTIN	COLISTIN	EXACTX	273	273	100.0	100.0	273	WP_001881365.1	glycine--lipid A transferase AlmG			V_cholerae
	NZ_CP013305.1	1692673	1692906	-	almF	lipid A modification system glycine carrier protein AlmF	core	AMR	AMR	COLISTIN	COLISTIN	EXACTX	78	78	100.0	100.0	78	WP_000806242.1	lipid A modification system glycine carrier protein AlmF			V_cholerae
	NZ_CP013305.1	1692893	1694560	-	almE	lipid A modification system glycine--protein ligase AlmE	core	AMR	AMR	COLISTIN	COLISTIN	BLASTX	556	556	100.0	98.38	556	WP_252944138.1	lipid A modification system glycine--protein ligase AlmE			V_cholerae
	NZ_CP013306.1	314006	314632	+	catB9	type B-5 chloramphenicol O-acetyltransferase CatB9	core	AMR	AMR	PHENICOL	CHLORAMPHENICOL	EXACTX	209	209	100.0	100.0	209	WP_001009012.1	type B-5 chloramphenicol O-acetyltransferase CatB9			V_cholerae
	NZ_CP013307.1	1252038	1253159	+	varG	VarG family subclass B1-like metallo-beta-lactamase	core	AMR	AMR	BETA-LACTAM	CARBAPENEM	EXACTX	374	374	100.0	100.0	374	WP_000778180.1	VarG family subclass B1-like metallo-beta-lactamase			V_cholerae
	NZ_CP013307.1	1265147	1265965	-	almG	glycine--lipid A transferase AlmG	core	AMR	AMR	COLISTIN	COLISTIN	EXACTX	273	273	100.0	100.0	273	WP_001881365.1	glycine--lipid A transferase AlmG			V_cholerae
	NZ_CP013307.1	1265970	1266203	-	almF	lipid A modification system glycine carrier protein AlmF	core	AMR	AMR	COLISTIN	COLISTIN	EXACTX	78	78	100.0	100.0	78	WP_000806242.1	lipid A modification system glycine carrier protein AlmF			V_cholerae
	NZ_CP013307.1	1266190	1267857	-	almE	lipid A modification system glycine--protein ligase AlmE	core	AMR	AMR	COLISTIN	COLISTIN	BLASTX	556	556	100.0	98.56	556	WP_252944138.1	lipid A modification system glycine--protein ligase AlmE			V_cholerae
	NZ_CP013309.1	229176	230843	+	almE	lipid A modification system glycine--protein ligase AlmE	core	AMR	AMR	COLISTIN	COLISTIN	BLASTX	556	556	100.0	98.38	556	WP_252944138.1	lipid A modification system glycine--protein ligase AlmE			V_cholerae
	NZ_CP013309.1	230830	231063	+	almF	lipid A modification system glycine carrier protein AlmF	core	AMR	AMR	COLISTIN	COLISTIN	EXACTX	78	78	100.0	100.0	78	WP_000806242.1	lipid A modification system glycine carrier protein AlmF			V_cholerae
	NZ_CP013309.1	231068	231886	+	almG	glycine--lipid A transferase AlmG	core	AMR	AMR	COLISTIN	COLISTIN	EXACTX	273	273	100.0	100.0	273	WP_001881365.1	glycine--lipid A transferase AlmG			V_cholerae
	NZ_CP013309.1	243888	245009	-	varG	VarG family subclass B1-like metallo-beta-lactamase	core	AMR	AMR	BETA-LACTAM	CARBAPENEM	EXACTX	374	374	100.0	100.0	374	WP_000778180.1	VarG family subclass B1-like metallo-beta-lactamase			V_cholerae
	NZ_CP013310.1	444799	445425	+	catB9	type B-5 chloramphenicol O-acetyltransferase CatB9	core	AMR	AMR	PHENICOL	CHLORAMPHENICOL	EXACTX	209	209	100.0	100.0	209	WP_001009012.1	type B-5 chloramphenicol O-acetyltransferase CatB9			V_cholerae
	NZ_CP013317.1	1656214	1657335	+	varG	VarG family subclass B1-like metallo-beta-lactamase	core	AMR	AMR	BETA-LACTAM	CARBAPENEM	EXACTX	374	374	100.0	100.0	374	WP_000778180.1	VarG family subclass B1-like metallo-beta-lactamase			V_cholerae
	NZ_CP013317.1	1669337	1670155	-	almG	glycine--lipid A transferase AlmG	core	AMR	AMR	COLISTIN	COLISTIN	EXACTX	273	273	100.0	100.0	273	WP_001881365.1	glycine--lipid A transferase AlmG			V_cholerae
	NZ_CP013317.1	1670160	1670393	-	almF	lipid A modification system glycine carrier protein AlmF	core	AMR	AMR	COLISTIN	COLISTIN	EXACTX	78	78	100.0	100.0	78	WP_000806242.1	lipid A modification system glycine carrier protein AlmF			V_cholerae
	NZ_CP013317.1	1670380	1672047	-	almE	lipid A modification system glycine--protein ligase AlmE	core	AMR	AMR	COLISTIN	COLISTIN	BLASTX	556	556	100.0	98.56	556	WP_252944138.1	lipid A modification system glycine--protein ligase AlmE			V_cholerae
	NZ_CP013319.1	1690029	1691150	+	varG	VarG family subclass B1-like metallo-beta-lactamase	core	AMR	AMR	BETA-LACTAM	CARBAPENEM	EXACTX	374	374	100.0	100.0	374	WP_000778180.1	VarG family subclass B1-like metallo-beta-lactamase			V_cholerae
	NZ_CP013319.1	1703152	1703970	-	almG	glycine--lipid A transferase AlmG	core	AMR	AMR	COLISTIN	COLISTIN	EXACTX	273	273	100.0	100.0	273	WP_001881365.1	glycine--lipid A transferase AlmG			V_cholerae
	NZ_CP013319.1	1703975	1704208	-	almF	lipid A modification system glycine carrier protein AlmF	core	AMR	AMR	COLISTIN	COLISTIN	EXACTX	78	78	100.0	100.0	78	WP_000806242.1	lipid A modification system glycine carrier protein AlmF			V_cholerae
	NZ_CP013319.1	1704195	1705862	-	almE	lipid A modification system glycine--protein ligase AlmE	core	AMR	AMR	COLISTIN	COLISTIN	BLASTX	556	556	100.0	98.56	556	WP_252944138.1	lipid A modification system glycine--protein ligase AlmE			V_cholerae
	NZ_CP013315.1	1424373	1426040	+	almE	lipid A modification system glycine--protein ligase AlmE	core	AMR	AMR	COLISTIN	COLISTIN	BLASTX	556	556	100.0	98.56	556	WP_252944138.1	lipid A modification system glycine--protein ligase AlmE			V_cholerae
	NZ_CP013315.1	1426027	1426260	+	almF	lipid A modification system glycine carrier protein AlmF	core	AMR	AMR	COLISTIN	COLISTIN	EXACTX	78	78	100.0	100.0	78	WP_000806242.1	lipid A modification system glycine carrier protein AlmF			V_cholerae
	NZ_CP013315.1	1426265	1427083	+	almG	glycine--lipid A transferase AlmG	core	AMR	AMR	COLISTIN	COLISTIN	EXACTX	273	273	100.0	100.0	273	WP_001881365.1	glycine--lipid A transferase AlmG			V_cholerae
	NZ_CP013315.1	1439085	1440206	-	varG	VarG family subclass B1-like metallo-beta-lactamase	core	AMR	AMR	BETA-LACTAM	CARBAPENEM	EXACTX	374	374	100.0	100.0	374	WP_000778180.1	VarG family subclass B1-like metallo-beta-lactamase			V_cholerae
	NZ_CP013313.1	1675545	1676666	+	varG	VarG family subclass B1-like metallo-beta-lactamase	core	AMR	AMR	BETA-LACTAM	CARBAPENEM	EXACTX	374	374	100.0	100.0	374	WP_000778180.1	VarG family subclass B1-like metallo-beta-lactamase			V_cholerae
	NZ_CP013313.1	1688668	1689486	-	almG	glycine--lipid A transferase AlmG	core	AMR	AMR	COLISTIN	COLISTIN	EXACTX	273	273	100.0	100.0	273	WP_001881365.1	glycine--lipid A transferase AlmG			V_cholerae
	NZ_CP013313.1	1689491	1689724	-	almF	lipid A modification system glycine carrier protein AlmF	core	AMR	AMR	COLISTIN	COLISTIN	EXACTX	78	78	100.0	100.0	78	WP_000806242.1	lipid A modification system glycine carrier protein AlmF			V_cholerae
	NZ_CP013313.1	1689711	1691378	-	almE	lipid A modification system glycine--protein ligase AlmE	core	AMR	AMR	COLISTIN	COLISTIN	BLASTX	556	556	100.0	98.38	556	WP_252944138.1	lipid A modification system glycine--protein ligase AlmE			V_cholerae
	NZ_CP013314.1	313965	314591	+	catB9	type B-5 chloramphenicol O-acetyltransferase CatB9	core	AMR	AMR	PHENICOL	CHLORAMPHENICOL	EXACTX	209	209	100.0	100.0	209	WP_001009012.1	type B-5 chloramphenicol O-acetyltransferase CatB9			V_cholerae
	NZ_CP020407.2	868916	869542	-	catB9	type B-5 chloramphenicol O-acetyltransferase CatB9	core	AMR	AMR	PHENICOL	CHLORAMPHENICOL	EXACTX	209	209	100.0	100.0	209	WP_001009012.1	type B-5 chloramphenicol O-acetyltransferase CatB9			V_cholerae
	NZ_CP020408.2	849903	851570	+	almE	lipid A modification system glycine--protein ligase AlmE	core	AMR	AMR	COLISTIN	COLISTIN	BLASTX	556	556	100.0	98.38	556	WP_252944138.1	lipid A modification system glycine--protein ligase AlmE			V_cholerae
	NZ_CP020408.2	851557	851790	+	almF	lipid A modification system glycine carrier protein AlmF	core	AMR	AMR	COLISTIN	COLISTIN	EXACTX	78	78	100.0	100.0	78	WP_000806242.1	lipid A modification system glycine carrier protein AlmF			V_cholerae
	NZ_CP020408.2	851795	852613	+	almG	glycine--lipid A transferase AlmG	core	AMR	AMR	COLISTIN	COLISTIN	EXACTX	273	273	100.0	100.0	273	WP_001881365.1	glycine--lipid A transferase AlmG			V_cholerae
	NZ_CP020408.2	864615	865736	-	varG	VarG family subclass B1-like metallo-beta-lactamase	core	AMR	AMR	BETA-LACTAM	CARBAPENEM	EXACTX	374	374	100.0	100.0	374	WP_000778180.1	VarG family subclass B1-like metallo-beta-lactamase			V_cholerae
	NZ_CP012666.1	313910	314536	+	catB9	type B-5 chloramphenicol O-acetyltransferase CatB9	core	AMR	AMR	PHENICOL	CHLORAMPHENICOL	EXACTX	209	209	100.0	100.0	209	WP_001009012.1	type B-5 chloramphenicol O-acetyltransferase CatB9			V_cholerae
	NZ_CP012667.1	1779780	1780901	+	varG	VarG family subclass B1-like metallo-beta-lactamase	core	AMR	AMR	BETA-LACTAM	CARBAPENEM	EXACTX	374	374	100.0	100.0	374	WP_000778180.1	VarG family subclass B1-like metallo-beta-lactamase			V_cholerae
	NZ_CP012667.1	1792903	1793721	-	almG	glycine--lipid A transferase AlmG	core	AMR	AMR	COLISTIN	COLISTIN	EXACTX	273	273	100.0	100.0	273	WP_001881365.1	glycine--lipid A transferase AlmG			V_cholerae
	NZ_CP012667.1	1793726	1793959	-	almF	lipid A modification system glycine carrier protein AlmF	core	AMR	AMR	COLISTIN	COLISTIN	EXACTX	78	78	100.0	100.0	78	WP_000806242.1	lipid A modification system glycine carrier protein AlmF			V_cholerae
	NZ_CP012667.1	1793946	1795613	-	almE	lipid A modification system glycine--protein ligase AlmE	core	AMR	AMR	COLISTIN	COLISTIN	BLASTX	556	556	100.0	98.38	556	WP_252944138.1	lipid A modification system glycine--protein ligase AlmE			V_cholerae
	NZ_CP012668.1	937	1749	-	aph(3')-Ia	aminoglycoside O-phosphotransferase APH(3')-Ia	core	AMR	AMR	AMINOGLYCOSIDE	KANAMYCIN	EXACTX	271	271	100.0	100.0	271	WP_000018326.1	aminoglycoside O-phosphotransferase APH(3')-Ia			V_cholerae
	NZ_CP012668.1	5470	6327	+	aac(3)-IId	aminoglycoside N-acetyltransferase AAC(3)-IId	core	AMR	AMR	AMINOGLYCOSIDE	GENTAMICIN	EXACTX	286	286	100.0	100.0	286	WP_000557454.1	aminoglycoside N-acetyltransferase AAC(3)-IId			V_cholerae
	NZ_CP012668.1	9963	10601	+	catA2	type A-2 chloramphenicol O-acetyltransferase CatII	core	AMR	AMR	PHENICOL	CHLORAMPHENICOL	EXACTX	213	213	100.0	100.0	213	WP_001011939.1	type A-2 chloramphenicol O-acetyltransferase CatII			V_cholerae
	NZ_CP012668.1	12216	13397	+	tet(D)	tetracycline efflux MFS transporter Tet(D)	core	AMR	AMR	TETRACYCLINE	TETRACYCLINE	EXACTX	394	394	100.0	100.0	394	WP_001039466.1	tetracycline efflux MFS transporter Tet(D)			V_cholerae
	NZ_CP012668.1	17504	18976	+	msr(E)	ABC-F type ribosomal protection protein Msr(E)	core	AMR	AMR	MACROLIDE/STREPTOGRAMIN	AZITHROMYCIN/ERYTHROMYCIN/STREPTOGRAMIN	EXACTX	491	491	100.0	100.0	491	WP_000052512.1	ABC-F type ribosomal protection protein Msr(E)			V_cholerae
	NZ_CP012668.1	19035	19916	+	mph(E)	Mph(E) family macrolide 2'-phosphotransferase	core	AMR	AMR	MACROLIDE	ERYTHROMYCIN	EXACTX	294	294	100.0	100.0	294	WP_000155092.1	Mph(E) family macrolide 2'-phosphotransferase			V_cholerae
	NZ_CP012668.1	23405	24193	+	aadA2	ANT(3'')-Ia family aminoglycoside nucleotidyltransferase AadA2	core	AMR	AMR	AMINOGLYCOSIDE	STREPTOMYCIN	EXACTX	263	263	100.0	100.0	263	WP_001206356.1	ANT(3'')-Ia family aminoglycoside nucleotidyltransferase AadA2			V_cholerae
	NZ_CP012668.1	24360	24704	+	qacEdelta1	quaternary ammonium compound efflux SMR transporter QacE delta 1	core	STRESS	BIOCIDE	QUATERNARY AMMONIUM	QUATERNARY AMMONIUM	ALLELEX	115	115	100.0	100.0	115	WP_000679427.1	quaternary ammonium compound efflux SMR transporter QacE delta 1			V_cholerae
	NZ_CP012668.1	24701	25537	+	sul1	sulfonamide-resistant dihydropteroate synthase Sul1	core	AMR	AMR	SULFONAMIDE	SULFONAMIDE	EXACTX	279	279	100.0	100.0	279	WP_000259031.1	sulfonamide-resistant dihydropteroate synthase Sul1			V_cholerae
	NZ_CP012668.1	31697	32530	-	aph(6)-Id	aminoglycoside O-phosphotransferase APH(6)-Id	core	AMR	AMR	AMINOGLYCOSIDE	STREPTOMYCIN	EXACTX	278	278	100.0	100.0	278	WP_000480968.1	aminoglycoside O-phosphotransferase APH(6)-Id			V_cholerae
	NZ_CP012668.1	32533	33333	-	aph(3'')-Ib	aminoglycoside O-phosphotransferase APH(3'')-Ib	core	AMR	AMR	AMINOGLYCOSIDE	STREPTOMYCIN	EXACTX	267	267	100.0	100.0	267	WP_001082319.1	aminoglycoside O-phosphotransferase APH(3'')-Ib			V_cholerae
	NZ_CP012668.1	33397	34209	-	sul2	sulfonamide-resistant dihydropteroate synthase Sul2	core	AMR	AMR	SULFONAMIDE	SULFONAMIDE	EXACTX	271	271	100.0	100.0	271	WP_001043260.1	sulfonamide-resistant dihydropteroate synthase Sul2			V_cholerae
	NZ_CP012668.1	40701	41912	+	floR	chloramphenicol/florfenicol efflux MFS transporter FloR	core	AMR	AMR	PHENICOL	CHLORAMPHENICOL/FLORFENICOL	BLASTX	404	404	100.0	99.75	404	WP_000214119.1	chloramphenicol/florfenicol efflux MFS transporter FloR			V_cholerae
	NZ_CP012668.1	44421	45233	-	sul2	sulfonamide-resistant dihydropteroate synthase Sul2	core	AMR	AMR	SULFONAMIDE	SULFONAMIDE	EXACTX	271	271	100.0	100.0	271	WP_001043260.1	sulfonamide-resistant dihydropteroate synthase Sul2			V_cholerae
	NZ_CP012668.1	132933	133790	-	blaTEM-1	broad-spectrum class A beta-lactamase TEM-1	core	AMR	AMR	BETA-LACTAM	BETA-LACTAM	ALLELEX	286	286	100.0	100.0	286	WP_000027057.1	broad-spectrum class A beta-lactamase TEM-1			V_cholerae
	NZ_CP016987.1	1400616	1402283	+	almE	lipid A modification system glycine--protein ligase AlmE	core	AMR	AMR	COLISTIN	COLISTIN	BLASTX	556	556	100.0	98.2	556	WP_252944138.1	lipid A modification system glycine--protein ligase AlmE			V_cholerae
	NZ_CP016987.1	1402270	1402503	+	almF	lipid A modification system glycine carrier protein AlmF	core	AMR	AMR	COLISTIN	COLISTIN	EXACTX	78	78	100.0	100.0	78	WP_000806242.1	lipid A modification system glycine carrier protein AlmF			V_cholerae
	NZ_CP016987.1	1402508	1403326	+	almG	glycine--lipid A transferase AlmG	core	AMR	AMR	COLISTIN	COLISTIN	BLASTX	273	273	100.0	99.27	273	WP_001881365.1	glycine--lipid A transferase AlmG			V_cholerae
	NZ_CP024162.1	1673074	1674195	+	varG	VarG family subclass B1-like metallo-beta-lactamase	core	AMR	AMR	BETA-LACTAM	CARBAPENEM	EXACTX	374	374	100.0	100.0	374	WP_000778180.1	VarG family subclass B1-like metallo-beta-lactamase			V_cholerae
	NZ_CP024162.1	1686197	1687015	-	almG	glycine--lipid A transferase AlmG	core	AMR	AMR	COLISTIN	COLISTIN	EXACTX	273	273	100.0	100.0	273	WP_001881365.1	glycine--lipid A transferase AlmG			V_cholerae
	NZ_CP024162.1	1687020	1687253	-	almF	lipid A modification system glycine carrier protein AlmF	core	AMR	AMR	COLISTIN	COLISTIN	EXACTX	78	78	100.0	100.0	78	WP_000806242.1	lipid A modification system glycine carrier protein AlmF			V_cholerae
	NZ_CP024162.1	1687240	1688907	-	almE	lipid A modification system glycine--protein ligase AlmE	core	AMR	AMR	COLISTIN	COLISTIN	BLASTX	556	556	100.0	98.38	556	WP_252944138.1	lipid A modification system glycine--protein ligase AlmE			V_cholerae
	NZ_CP024163.1	313491	314117	+	catB9	type B-5 chloramphenicol O-acetyltransferase CatB9	core	AMR	AMR	PHENICOL	CHLORAMPHENICOL	EXACTX	209	209	100.0	100.0	209	WP_001009012.1	type B-5 chloramphenicol O-acetyltransferase CatB9			V_cholerae
	NZ_CP025936.1	1452438	1453559	+	varG	VarG family subclass B1-like metallo-beta-lactamase	core	AMR	AMR	BETA-LACTAM	CARBAPENEM	EXACTX	374	374	100.0	100.0	374	WP_000778180.1	VarG family subclass B1-like metallo-beta-lactamase			V_cholerae
	NZ_CP025936.1	1465561	1466379	-	almG	glycine--lipid A transferase AlmG	core	AMR	AMR	COLISTIN	COLISTIN	EXACTX	273	273	100.0	100.0	273	WP_001881365.1	glycine--lipid A transferase AlmG			V_cholerae
	NZ_CP025936.1	1466384	1466617	-	almF	lipid A modification system glycine carrier protein AlmF	core	AMR	AMR	COLISTIN	COLISTIN	EXACTX	78	78	100.0	100.0	78	WP_000806242.1	lipid A modification system glycine carrier protein AlmF			V_cholerae
	NZ_CP025936.1	1466604	1468271	-	almE	lipid A modification system glycine--protein ligase AlmE	core	AMR	AMR	COLISTIN	COLISTIN	BLASTX	556	556	100.0	98.38	556	WP_252944138.1	lipid A modification system glycine--protein ligase AlmE			V_cholerae
	NZ_CP025937.1	313332	313958	+	catB9	type B-5 chloramphenicol O-acetyltransferase CatB9	core	AMR	AMR	PHENICOL	CHLORAMPHENICOL	EXACTX	209	209	100.0	100.0	209	WP_001009012.1	type B-5 chloramphenicol O-acetyltransferase CatB9			V_cholerae
	NZ_CP024867.1	1452127	1453248	+	varG	VarG family subclass B1-like metallo-beta-lactamase	core	AMR	AMR	BETA-LACTAM	CARBAPENEM	EXACTX	374	374	100.0	100.0	374	WP_000778180.1	VarG family subclass B1-like metallo-beta-lactamase			V_cholerae
	NZ_CP024867.1	1465250	1466068	-	almG	glycine--lipid A transferase AlmG	core	AMR	AMR	COLISTIN	COLISTIN	EXACTX	273	273	100.0	100.0	273	WP_001881365.1	glycine--lipid A transferase AlmG			V_cholerae
	NZ_CP024867.1	1466073	1466306	-	almF	lipid A modification system glycine carrier protein AlmF	core	AMR	AMR	COLISTIN	COLISTIN	EXACTX	78	78	100.0	100.0	78	WP_000806242.1	lipid A modification system glycine carrier protein AlmF			V_cholerae
	NZ_CP024867.1	1466293	1467960	-	almE	lipid A modification system glycine--protein ligase AlmE	core	AMR	AMR	COLISTIN	COLISTIN	BLASTX	556	556	100.0	98.38	556	WP_252944138.1	lipid A modification system glycine--protein ligase AlmE			V_cholerae
	NZ_CP024868.1	313982	314608	+	catB9	type B-5 chloramphenicol O-acetyltransferase CatB9	core	AMR	AMR	PHENICOL	CHLORAMPHENICOL	EXACTX	209	209	100.0	100.0	209	WP_001009012.1	type B-5 chloramphenicol O-acetyltransferase CatB9			V_cholerae
	NZ_CP028827.1	1392595	1394262	+	almE	lipid A modification system glycine--protein ligase AlmE	core	AMR	AMR	COLISTIN	COLISTIN	BLASTX	556	556	100.0	98.38	556	WP_252944138.1	lipid A modification system glycine--protein ligase AlmE			V_cholerae
	NZ_CP028827.1	1394249	1394482	+	almF	lipid A modification system glycine carrier protein AlmF	core	AMR	AMR	COLISTIN	COLISTIN	EXACTX	78	78	100.0	100.0	78	WP_000806242.1	lipid A modification system glycine carrier protein AlmF			V_cholerae
	NZ_CP028827.1	1394487	1395305	+	almG	glycine--lipid A transferase AlmG	core	AMR	AMR	COLISTIN	COLISTIN	EXACTX	273	273	100.0	100.0	273	WP_001881365.1	glycine--lipid A transferase AlmG			V_cholerae
	NZ_CP028827.1	1407307	1408428	-	varG	VarG family subclass B1-like metallo-beta-lactamase	core	AMR	AMR	BETA-LACTAM	CARBAPENEM	EXACTX	374	374	100.0	100.0	374	WP_000778180.1	VarG family subclass B1-like metallo-beta-lactamase			V_cholerae
	NZ_CP028828.1	317618	318244	+	catB9	type B-5 chloramphenicol O-acetyltransferase CatB9	core	AMR	AMR	PHENICOL	CHLORAMPHENICOL	EXACTX	209	209	100.0	100.0	209	WP_001009012.1	type B-5 chloramphenicol O-acetyltransferase CatB9			V_cholerae
	NZ_CP043554.1	1358638	1360305	+	almE	lipid A modification system glycine--protein ligase AlmE	core	AMR	AMR	COLISTIN	COLISTIN	BLASTX	556	556	100.0	98.74	556	WP_252944138.1	lipid A modification system glycine--protein ligase AlmE			V_cholerae
	NZ_CP043554.1	1360292	1360525	+	almF	lipid A modification system glycine carrier protein AlmF	core	AMR	AMR	COLISTIN	COLISTIN	EXACTX	78	78	100.0	100.0	78	WP_000806242.1	lipid A modification system glycine carrier protein AlmF			V_cholerae
	NZ_CP043554.1	1360530	1361348	+	almG	glycine--lipid A transferase AlmG	core	AMR	AMR	COLISTIN	COLISTIN	BLASTX	273	273	100.0	99.27	273	WP_001881365.1	glycine--lipid A transferase AlmG			V_cholerae
	NZ_CP043554.1	1373335	1374456	-	varG	VarG family subclass B1-like metallo-beta-lactamase	core	AMR	AMR	BETA-LACTAM	CARBAPENEM	BLASTX	374	374	100.0	99.73	374	WP_000778180.1	VarG family subclass B1-like metallo-beta-lactamase			V_cholerae
	NZ_CP043556.1	955487	956113	+	catB9	type B-5 chloramphenicol O-acetyltransferase CatB9	core	AMR	AMR	PHENICOL	CHLORAMPHENICOL	EXACTX	209	209	100.0	100.0	209	WP_001009012.1	type B-5 chloramphenicol O-acetyltransferase CatB9			V_cholerae
	NZ_CP009261.1	860695	861156	+	tet(34)	oxytetracycline resistance phosphoribosyltransferase domain-containing protein Tet(34)	core	AMR	AMR	TETRACYCLINE	TETRACYCLINE	BLASTX	154	154	100.0	90.91	154	WP_005592781.1	oxytetracycline resistance phosphoribosyltransferase domain-containing protein Tet(34)			V_vulnificus
	NZ_CP009984.1	2435617	2436078	-	tet(34)	oxytetracycline resistance phosphoribosyltransferase domain-containing protein Tet(34)	core	AMR	AMR	TETRACYCLINE	TETRACYCLINE	BLASTX	154	154	100.0	90.91	154	WP_005592781.1	oxytetracycline resistance phosphoribosyltransferase domain-containing protein Tet(34)			V_vulnificus
	NZ_CP014049.2	282566	283027	+	tet(34)	oxytetracycline resistance phosphoribosyltransferase domain-containing protein Tet(34)	core	AMR	AMR	TETRACYCLINE	TETRACYCLINE	BLASTX	154	154	100.0	90.91	154	WP_005592781.1	oxytetracycline resistance phosphoribosyltransferase domain-containing protein Tet(34)			V_vulnificus
	NZ_CP011775.1	689299	689760	+	tet(34)	oxytetracycline resistance phosphoribosyltransferase domain-containing protein Tet(34)	core	AMR	AMR	TETRACYCLINE	TETRACYCLINE	BLASTX	154	154	100.0	90.91	154	WP_005592781.1	oxytetracycline resistance phosphoribosyltransferase domain-containing protein Tet(34)			V_vulnificus
	NZ_CP012739.1	2570876	2571337	-	tet(34)	oxytetracycline resistance phosphoribosyltransferase domain-containing protein Tet(34)	core	AMR	AMR	TETRACYCLINE	TETRACYCLINE	BLASTX	154	154	100.0	90.91	154	WP_005592781.1	oxytetracycline resistance phosphoribosyltransferase domain-containing protein Tet(34)			V_vulnificus
	NZ_CP016321.1	664309	664770	+	tet(34)	oxytetracycline resistance phosphoribosyltransferase domain-containing protein Tet(34)	core	AMR	AMR	TETRACYCLINE	TETRACYCLINE	BLASTX	154	154	100.0	90.26	154	WP_005592781.1	oxytetracycline resistance phosphoribosyltransferase domain-containing protein Tet(34)			V_vulnificus
	NZ_CP014636.1	2600274	2600735	-	tet(34)	oxytetracycline resistance phosphoribosyltransferase domain-containing protein Tet(34)	core	AMR	AMR	TETRACYCLINE	TETRACYCLINE	BLASTX	154	154	100.0	90.26	154	WP_005592781.1	oxytetracycline resistance phosphoribosyltransferase domain-containing protein Tet(34)			V_vulnificus
	NZ_CP019320.1	1093254	1093715	+	tet(34)	oxytetracycline resistance phosphoribosyltransferase domain-containing protein Tet(34)	core	AMR	AMR	TETRACYCLINE	TETRACYCLINE	BLASTX	154	154	100.0	90.91	154	WP_005592781.1	oxytetracycline resistance phosphoribosyltransferase domain-containing protein Tet(34)			V_vulnificus
	NZ_CP019121.1	717133	717594	+	tet(34)	oxytetracycline resistance phosphoribosyltransferase domain-containing protein Tet(34)	core	AMR	AMR	TETRACYCLINE	TETRACYCLINE	BLASTX	154	154	100.0	90.26	154	WP_005592781.1	oxytetracycline resistance phosphoribosyltransferase domain-containing protein Tet(34)			V_vulnificus
	NZ_CP027030.1	2478051	2478512	-	tet(34)	oxytetracycline resistance phosphoribosyltransferase domain-containing protein Tet(34)	core	AMR	AMR	TETRACYCLINE	TETRACYCLINE	BLASTX	154	154	100.0	90.91	154	WP_005592781.1	oxytetracycline resistance phosphoribosyltransferase domain-containing protein Tet(34)			V_vulnificus
	NZ_CP044069.1	839064	839525	+	tet(34)	oxytetracycline resistance phosphoribosyltransferase domain-containing protein Tet(34)	core	AMR	AMR	TETRACYCLINE	TETRACYCLINE	BLASTX	154	154	100.0	90.26	154	WP_005592781.1	oxytetracycline resistance phosphoribosyltransferase domain-containing protein Tet(34)			V_vulnificus
	NZ_CP035731.1	2567520	2567981	+	tet(34)	oxytetracycline resistance phosphoribosyltransferase domain-containing protein Tet(34)	core	AMR	AMR	TETRACYCLINE	TETRACYCLINE	BLASTX	154	154	100.0	90.26	154	WP_005592781.1	oxytetracycline resistance phosphoribosyltransferase domain-containing protein Tet(34)			V_vulnificus
	NZ_CP046832.1	2579445	2579906	-	tet(34)	oxytetracycline resistance phosphoribosyltransferase domain-containing protein Tet(34)	core	AMR	AMR	TETRACYCLINE	TETRACYCLINE	BLASTX	154	154	100.0	90.26	154	WP_005592781.1	oxytetracycline resistance phosphoribosyltransferase domain-containing protein Tet(34)			V_vulnificus
	NZ_CP046835.1	149778	150239	+	tet(34)	oxytetracycline resistance phosphoribosyltransferase domain-containing protein Tet(34)	core	AMR	AMR	TETRACYCLINE	TETRACYCLINE	BLASTX	154	154	100.0	90.26	154	WP_005592781.1	oxytetracycline resistance phosphoribosyltransferase domain-containing protein Tet(34)			V_vulnificus
	NZ_CP044206.1	3394185	3394646	-	tet(34)	oxytetracycline resistance phosphoribosyltransferase domain-containing protein Tet(34)	core	AMR	AMR	TETRACYCLINE	TETRACYCLINE	BLASTX	154	154	100.0	90.91	154	WP_005592781.1	oxytetracycline resistance phosphoribosyltransferase domain-containing protein Tet(34)			V_vulnificus
	NZ_CP060047.1	2495330	2495791	+	tet(34)	oxytetracycline resistance phosphoribosyltransferase domain-containing protein Tet(34)	core	AMR	AMR	TETRACYCLINE	TETRACYCLINE	BLASTX	154	154	100.0	90.26	154	WP_005592781.1	oxytetracycline resistance phosphoribosyltransferase domain-containing protein Tet(34)			V_vulnificus
	NZ_AP026552.1	2537432	2537893	-	tet(34)	oxytetracycline resistance phosphoribosyltransferase domain-containing protein Tet(34)	core	AMR	AMR	TETRACYCLINE	TETRACYCLINE	BLASTX	154	154	100.0	90.91	154	WP_005592781.1	oxytetracycline resistance phosphoribosyltransferase domain-containing protein Tet(34)			V_vulnificus
	NZ_AP026552.1	2594131	2594943	+	sul2	sulfonamide-resistant dihydropteroate synthase Sul2	core	AMR	AMR	SULFONAMIDE	SULFONAMIDE	EXACTX	271	271	100.0	100.0	271	WP_001043260.1	sulfonamide-resistant dihydropteroate synthase Sul2			V_vulnificus
	NZ_AP026552.1	2600184	2601383	+	tet(59)	tetracycline efflux MFS transporter Tet(59)	core	AMR	AMR	TETRACYCLINE	TETRACYCLINE	EXACTX	400	400	100.0	100.0	400	WP_001031679.1	tetracycline efflux MFS transporter Tet(59)			V_vulnificus
	NZ_AP026554.1	282979	283632	+	qnrS2	quinolone resistance pentapeptide repeat protein QnrS2	core	AMR	AMR	QUINOLONE	QUINOLONE	ALLELEX	218	218	100.0	100.0	218	WP_012537714.1	quinolone resistance pentapeptide repeat protein QnrS2			V_vulnificus
	NZ_AP026554.1	289948	290820	-	blaCTX-M-55	extended-spectrum class A beta-lactamase CTX-M-55	core	AMR	AMR	BETA-LACTAM	CEPHALOSPORIN	ALLELEX	291	291	100.0	100.0	291	WP_015387340.1	extended-spectrum class A beta-lactamase CTX-M-55			V_vulnificus
	NZ_CP118438.1	2569696	2570157	+	tet(34)	oxytetracycline resistance phosphoribosyltransferase domain-containing protein Tet(34)	core	AMR	AMR	TETRACYCLINE	TETRACYCLINE	BLASTX	154	154	100.0	90.91	154	WP_005592781.1	oxytetracycline resistance phosphoribosyltransferase domain-containing protein Tet(34)			V_vulnificus
	NZ_CP126698.1	678945	679406	+	tet(34)	oxytetracycline resistance phosphoribosyltransferase domain-containing protein Tet(34)	core	AMR	AMR	TETRACYCLINE	TETRACYCLINE	BLASTX	154	154	100.0	90.91	154	WP_005592781.1	oxytetracycline resistance phosphoribosyltransferase domain-containing protein Tet(34)			V_vulnificus
	NZ_CP134783.1	736158	736619	+	tet(34)	oxytetracycline resistance phosphoribosyltransferase domain-containing protein Tet(34)	core	AMR	AMR	TETRACYCLINE	TETRACYCLINE	BLASTX	154	154	100.0	90.91	154	WP_005592781.1	oxytetracycline resistance phosphoribosyltransferase domain-containing protein Tet(34)			V_vulnificus
	NZ_CP134785.1	25978	27189	+	floR	chloramphenicol/florfenicol efflux MFS transporter FloR	core	AMR	AMR	PHENICOL	CHLORAMPHENICOL/FLORFENICOL	BLASTX	404	404	100.0	99.75	404	WP_000214122.1	chloramphenicol/florfenicol efflux MFS transporter FloR			V_vulnificus
	NZ_CP134785.1	27795	28991	-	tet(A)	tetracycline efflux MFS transporter Tet(A)	core	AMR	AMR	TETRACYCLINE	TETRACYCLINE	EXACTX	399	399	100.0	100.0	399	WP_000804063.1	tetracycline efflux MFS transporter Tet(A)			V_vulnificus
	NZ_CP134785.1	30330	31163	-	aph(6)-Id	aminoglycoside O-phosphotransferase APH(6)-Id	core	AMR	AMR	AMINOGLYCOSIDE	STREPTOMYCIN	EXACTX	278	278	100.0	100.0	278	WP_000480968.1	aminoglycoside O-phosphotransferase APH(6)-Id			V_vulnificus
	NZ_CP134785.1	31166	31966	-	aph(3'')-Ib	aminoglycoside O-phosphotransferase APH(3'')-Ib	core	AMR	AMR	AMINOGLYCOSIDE	STREPTOMYCIN	EXACTX	267	267	100.0	100.0	267	WP_001082319.1	aminoglycoside O-phosphotransferase APH(3'')-Ib			V_vulnificus
	NZ_CP134785.1	32030	32842	-	sul2	sulfonamide-resistant dihydropteroate synthase Sul2	core	AMR	AMR	SULFONAMIDE	SULFONAMIDE	EXACTX	271	271	100.0	100.0	271	WP_001043260.1	sulfonamide-resistant dihydropteroate synthase Sul2			V_vulnificus
	NZ_CP150831.1	2133861	2134322	-	tet(34)	oxytetracycline resistance phosphoribosyltransferase domain-containing protein Tet(34)	core	AMR	AMR	TETRACYCLINE	TETRACYCLINE	BLASTX	154	154	100.0	90.26	154	WP_005592781.1	oxytetracycline resistance phosphoribosyltransferase domain-containing protein Tet(34)			V_vulnificus
	NZ_CP151937.1	2688345	2688806	-	tet(34)	oxytetracycline resistance phosphoribosyltransferase domain-containing protein Tet(34)	core	AMR	AMR	TETRACYCLINE	TETRACYCLINE	BLASTX	154	154	100.0	90.91	154	WP_005592781.1	oxytetracycline resistance phosphoribosyltransferase domain-containing protein Tet(34)			V_vulnificus
	NZ_CP041683.1	735804	736265	+	tet(34)	oxytetracycline resistance phosphoribosyltransferase domain-containing protein Tet(34)	core	AMR	AMR	TETRACYCLINE	TETRACYCLINE	BLASTX	154	154	100.0	90.26	154	WP_005592781.1	oxytetracycline resistance phosphoribosyltransferase domain-containing protein Tet(34)			V_vulnificus
	NZ_CP013484.1	205046	206644	+	tet(35)	tetracycline efflux Na+/H+ antiporter family transporter Tet(35)	core	AMR	AMR	TETRACYCLINE	TETRACYCLINE	BLASTX	533	533	100.0	96.06	533	WP_005480402.1	tetracycline efflux Na+/H+ antiporter family transporter Tet(35)			V_alginolyticus
	NZ_CP013484.1	3090337	3090798	+	tet(34)	oxytetracycline resistance phosphoribosyltransferase domain-containing protein Tet(34)	core	AMR	AMR	TETRACYCLINE	TETRACYCLINE	BLASTX	154	154	100.0	92.21	154	WP_005592781.1	oxytetracycline resistance phosphoribosyltransferase domain-containing protein Tet(34)			V_alginolyticus
	NZ_CP013485.1	53841	54689	-	blaCARB-42	carbenicillin-hydrolyzing class A beta-lactamase CARB-42	core	AMR	AMR	BETA-LACTAM	BETA-LACTAM	ALLELEX	283	283	100.0	100.0	283	WP_005375420.1	carbenicillin-hydrolyzing class A beta-lactamase CARB-42			V_alginolyticus
	NZ_CP016224.1	527403	527864	+	tet(34)	oxytetracycline resistance phosphoribosyltransferase domain-containing protein Tet(34)	core	AMR	AMR	TETRACYCLINE	TETRACYCLINE	BLASTX	154	154	100.0	92.21	154	WP_005592781.1	oxytetracycline resistance phosphoribosyltransferase domain-containing protein Tet(34)			V_alginolyticus
	NZ_CP016224.1	1090060	1091658	+	tet(35)	tetracycline efflux Na+/H+ antiporter family transporter Tet(35)	core	AMR	AMR	TETRACYCLINE	TETRACYCLINE	BLASTX	533	533	100.0	96.25	533	WP_005480402.1	tetracycline efflux Na+/H+ antiporter family transporter Tet(35)			V_alginolyticus
	NZ_CP016224.1	2546220	2547032	+	sul2	sulfonamide-resistant dihydropteroate synthase Sul2	core	AMR	AMR	SULFONAMIDE	SULFONAMIDE	EXACTX	271	271	100.0	100.0	271	WP_001043260.1	sulfonamide-resistant dihydropteroate synthase Sul2			V_alginolyticus
	NZ_CP016224.1	2547096	2547896	+	aph(3'')-Ib	aminoglycoside O-phosphotransferase APH(3'')-Ib	core	AMR	AMR	AMINOGLYCOSIDE	STREPTOMYCIN	EXACTX	267	267	100.0	100.0	267	WP_001082319.1	aminoglycoside O-phosphotransferase APH(3'')-Ib			V_alginolyticus
	NZ_CP016224.1	2547899	2548732	+	aph(6)-Id	aminoglycoside O-phosphotransferase APH(6)-Id	core	AMR	AMR	AMINOGLYCOSIDE	STREPTOMYCIN	EXACTX	278	278	100.0	100.0	278	WP_000480968.1	aminoglycoside O-phosphotransferase APH(6)-Id			V_alginolyticus
	NZ_CP016224.1	2554284	2554754	-	dfrA31	trimethoprim-resistant dihydrofolate reductase DfrA31	core	AMR	AMR	TRIMETHOPRIM	TRIMETHOPRIM	EXACTX	157	157	100.0	100.0	157	WP_000703246.1	trimethoprim-resistant dihydrofolate reductase DfrA31			V_alginolyticus
	NZ_CP016224.1	2554920	2555573	-	qnrVC5	quinolone resistance pentapeptide repeat protein QnrVC5	core	AMR	AMR	QUINOLONE	QUINOLONE	ALLELEX	218	218	100.0	100.0	218	WP_000361705.1	quinolone resistance pentapeptide repeat protein QnrVC5			V_alginolyticus
	NZ_CP016225.1	1218487	1219335	+	blaCARB-42	carbenicillin-hydrolyzing class A beta-lactamase CARB-42	core	AMR	AMR	BETA-LACTAM	BETA-LACTAM	ALLELEX	283	283	100.0	100.0	283	WP_005375420.1	carbenicillin-hydrolyzing class A beta-lactamase CARB-42			V_alginolyticus
	NZ_CP017889.1	705126	705587	+	tet(34)	oxytetracycline resistance phosphoribosyltransferase domain-containing protein Tet(34)	core	AMR	AMR	TETRACYCLINE	TETRACYCLINE	BLASTX	154	154	100.0	92.21	154	WP_005592781.1	oxytetracycline resistance phosphoribosyltransferase domain-containing protein Tet(34)			V_alginolyticus
	NZ_CP017889.1	1204475	1206073	+	tet(35)	tetracycline efflux Na+/H+ antiporter family transporter Tet(35)	core	AMR	AMR	TETRACYCLINE	TETRACYCLINE	BLASTX	533	533	100.0	96.06	533	WP_005480402.1	tetracycline efflux Na+/H+ antiporter family transporter Tet(35)			V_alginolyticus
	NZ_CP017890.1	506456	507304	-	blaCARB-42	carbenicillin-hydrolyzing class A beta-lactamase CARB-42	core	AMR	AMR	BETA-LACTAM	BETA-LACTAM	ALLELEX	283	283	100.0	100.0	283	WP_005375420.1	carbenicillin-hydrolyzing class A beta-lactamase CARB-42			V_alginolyticus
	NZ_CP017899.1	705127	705588	+	tet(34)	oxytetracycline resistance phosphoribosyltransferase domain-containing protein Tet(34)	core	AMR	AMR	TETRACYCLINE	TETRACYCLINE	BLASTX	154	154	100.0	92.21	154	WP_005592781.1	oxytetracycline resistance phosphoribosyltransferase domain-containing protein Tet(34)			V_alginolyticus
	NZ_CP017899.1	1185730	1187328	+	tet(35)	tetracycline efflux Na+/H+ antiporter family transporter Tet(35)	core	AMR	AMR	TETRACYCLINE	TETRACYCLINE	BLASTX	533	533	100.0	96.06	533	WP_005480402.1	tetracycline efflux Na+/H+ antiporter family transporter Tet(35)			V_alginolyticus
	NZ_CP017900.1	515743	516591	-	blaCARB-42	carbenicillin-hydrolyzing class A beta-lactamase CARB-42	core	AMR	AMR	BETA-LACTAM	BETA-LACTAM	ALLELEX	283	283	100.0	100.0	283	WP_005375420.1	carbenicillin-hydrolyzing class A beta-lactamase CARB-42			V_alginolyticus
	NZ_CP017907.1	726878	727339	+	tet(34)	oxytetracycline resistance phosphoribosyltransferase domain-containing protein Tet(34)	core	AMR	AMR	TETRACYCLINE	TETRACYCLINE	BLASTX	154	154	100.0	92.21	154	WP_005592781.1	oxytetracycline resistance phosphoribosyltransferase domain-containing protein Tet(34)			V_alginolyticus
	NZ_CP017907.1	1207481	1209079	+	tet(35)	tetracycline efflux Na+/H+ antiporter family transporter Tet(35)	core	AMR	AMR	TETRACYCLINE	TETRACYCLINE	BLASTX	533	533	100.0	96.06	533	WP_005480402.1	tetracycline efflux Na+/H+ antiporter family transporter Tet(35)			V_alginolyticus
	NZ_CP017908.1	485562	486410	-	blaCARB-42	carbenicillin-hydrolyzing class A beta-lactamase CARB-42	core	AMR	AMR	BETA-LACTAM	BETA-LACTAM	ALLELEX	283	283	100.0	100.0	283	WP_005375420.1	carbenicillin-hydrolyzing class A beta-lactamase CARB-42			V_alginolyticus
	NZ_CP017911.1	705126	705587	+	tet(34)	oxytetracycline resistance phosphoribosyltransferase domain-containing protein Tet(34)	core	AMR	AMR	TETRACYCLINE	TETRACYCLINE	BLASTX	154	154	100.0	92.21	154	WP_005592781.1	oxytetracycline resistance phosphoribosyltransferase domain-containing protein Tet(34)			V_alginolyticus
	NZ_CP017911.1	1185729	1187327	+	tet(35)	tetracycline efflux Na+/H+ antiporter family transporter Tet(35)	core	AMR	AMR	TETRACYCLINE	TETRACYCLINE	BLASTX	533	533	100.0	96.06	533	WP_005480402.1	tetracycline efflux Na+/H+ antiporter family transporter Tet(35)			V_alginolyticus
	NZ_CP017912.1	485556	486404	-	blaCARB-42	carbenicillin-hydrolyzing class A beta-lactamase CARB-42	core	AMR	AMR	BETA-LACTAM	BETA-LACTAM	ALLELEX	283	283	100.0	100.0	283	WP_005375420.1	carbenicillin-hydrolyzing class A beta-lactamase CARB-42			V_alginolyticus
	NZ_CP017918.1	1417146	1417994	-	blaCARB-42	carbenicillin-hydrolyzing class A beta-lactamase CARB-42	core	AMR	AMR	BETA-LACTAM	BETA-LACTAM	ALLELEX	283	283	100.0	100.0	283	WP_005375420.1	carbenicillin-hydrolyzing class A beta-lactamase CARB-42			V_alginolyticus
	NZ_CP017919.1	526005	527603	-	tet(35)	tetracycline efflux Na+/H+ antiporter family transporter Tet(35)	core	AMR	AMR	TETRACYCLINE	TETRACYCLINE	BLASTX	533	533	100.0	96.06	533	WP_005480402.1	tetracycline efflux Na+/H+ antiporter family transporter Tet(35)			V_alginolyticus
	NZ_CP017919.1	1007753	1008214	-	tet(34)	oxytetracycline resistance phosphoribosyltransferase domain-containing protein Tet(34)	core	AMR	AMR	TETRACYCLINE	TETRACYCLINE	BLASTX	154	154	100.0	92.21	154	WP_005592781.1	oxytetracycline resistance phosphoribosyltransferase domain-containing protein Tet(34)			V_alginolyticus
	NZ_CP017913.1	705126	705587	+	tet(34)	oxytetracycline resistance phosphoribosyltransferase domain-containing protein Tet(34)	core	AMR	AMR	TETRACYCLINE	TETRACYCLINE	BLASTX	154	154	100.0	92.21	154	WP_005592781.1	oxytetracycline resistance phosphoribosyltransferase domain-containing protein Tet(34)			V_alginolyticus
	NZ_CP017913.1	1203016	1204614	+	tet(35)	tetracycline efflux Na+/H+ antiporter family transporter Tet(35)	core	AMR	AMR	TETRACYCLINE	TETRACYCLINE	BLASTX	533	533	100.0	96.06	533	WP_005480402.1	tetracycline efflux Na+/H+ antiporter family transporter Tet(35)			V_alginolyticus
	NZ_CP017914.1	485574	486422	-	blaCARB-42	carbenicillin-hydrolyzing class A beta-lactamase CARB-42	core	AMR	AMR	BETA-LACTAM	BETA-LACTAM	ALLELEX	283	283	100.0	100.0	283	WP_005375420.1	carbenicillin-hydrolyzing class A beta-lactamase CARB-42			V_alginolyticus
	NZ_CP017896.1	705127	705588	+	tet(34)	oxytetracycline resistance phosphoribosyltransferase domain-containing protein Tet(34)	core	AMR	AMR	TETRACYCLINE	TETRACYCLINE	BLASTX	154	154	100.0	92.21	154	WP_005592781.1	oxytetracycline resistance phosphoribosyltransferase domain-containing protein Tet(34)			V_alginolyticus
	NZ_CP017896.1	1185730	1187328	+	tet(35)	tetracycline efflux Na+/H+ antiporter family transporter Tet(35)	core	AMR	AMR	TETRACYCLINE	TETRACYCLINE	BLASTX	533	533	100.0	96.06	533	WP_005480402.1	tetracycline efflux Na+/H+ antiporter family transporter Tet(35)			V_alginolyticus
	NZ_CP017897.1	485569	486417	-	blaCARB-42	carbenicillin-hydrolyzing class A beta-lactamase CARB-42	core	AMR	AMR	BETA-LACTAM	BETA-LACTAM	ALLELEX	283	283	100.0	100.0	283	WP_005375420.1	carbenicillin-hydrolyzing class A beta-lactamase CARB-42			V_alginolyticus
	NZ_CP014053.1	84075	85673	+	tet(35)	tetracycline efflux Na+/H+ antiporter family transporter Tet(35)	core	AMR	AMR	TETRACYCLINE	TETRACYCLINE	BLASTX	533	533	100.0	96.06	533	WP_005480402.1	tetracycline efflux Na+/H+ antiporter family transporter Tet(35)			V_alginolyticus
	NZ_CP014053.1	1668009	1668662	-	qnrS	QnrS family quinolone resistance pentapeptide repeat protein	core	AMR	AMR	QUINOLONE	QUINOLONE	BLASTX	218	218	100.0	96.33	218	WP_032495094.1	quinolone resistance pentapeptide repeat protein QnrS5			V_alginolyticus
	NZ_CP014053.1	1701516	1702169	-	qnrS	QnrS family quinolone resistance pentapeptide repeat protein	core	AMR	AMR	QUINOLONE	QUINOLONE	BLASTX	218	218	100.0	96.33	218	WP_032495094.1	quinolone resistance pentapeptide repeat protein QnrS5			V_alginolyticus
	NZ_CP014053.1	3013345	3013806	+	tet(34)	oxytetracycline resistance phosphoribosyltransferase domain-containing protein Tet(34)	core	AMR	AMR	TETRACYCLINE	TETRACYCLINE	BLASTX	154	154	100.0	92.21	154	WP_005592781.1	oxytetracycline resistance phosphoribosyltransferase domain-containing protein Tet(34)			V_alginolyticus
	NZ_CP014054.1	1510761	1511609	-	blaCARB-42	carbenicillin-hydrolyzing class A beta-lactamase CARB-42	core	AMR	AMR	BETA-LACTAM	BETA-LACTAM	ALLELEX	283	283	100.0	100.0	283	WP_005375420.1	carbenicillin-hydrolyzing class A beta-lactamase CARB-42			V_alginolyticus
	NZ_CP014040.1	445371	445832	+	tet(34)	oxytetracycline resistance phosphoribosyltransferase domain-containing protein Tet(34)	core	AMR	AMR	TETRACYCLINE	TETRACYCLINE	BLASTX	154	154	100.0	92.21	154	WP_005592781.1	oxytetracycline resistance phosphoribosyltransferase domain-containing protein Tet(34)			V_alginolyticus
	NZ_CP014040.1	909142	910740	+	tet(35)	tetracycline efflux Na+/H+ antiporter family transporter Tet(35)	core	AMR	AMR	TETRACYCLINE	TETRACYCLINE	BLASTX	533	533	100.0	96.06	533	WP_005480402.1	tetracycline efflux Na+/H+ antiporter family transporter Tet(35)			V_alginolyticus
	NZ_CP014041.1	1831305	1832153	+	blaCARB-42	carbenicillin-hydrolyzing class A beta-lactamase CARB-42	core	AMR	AMR	BETA-LACTAM	BETA-LACTAM	ALLELEX	283	283	100.0	100.0	283	WP_005375420.1	carbenicillin-hydrolyzing class A beta-lactamase CARB-42			V_alginolyticus
	NZ_CP014044.1	623209	624057	-	blaCARB-56	carbenicillin-hydrolyzing class A beta-lactamase CARB-56	core	AMR	AMR	BETA-LACTAM	BETA-LACTAM	ALLELEX	283	283	100.0	100.0	283	WP_017821520.1	carbenicillin-hydrolyzing class A beta-lactamase CARB-56			V_alginolyticus
	NZ_CP014045.1	1364276	1364929	+	qnrVC10	quinolone resistance pentapeptide repeat protein QnrVC10	core	AMR	AMR	QUINOLONE	QUINOLONE	ALLELEX	218	218	100.0	100.0	218	WP_017822040.1	quinolone resistance pentapeptide repeat protein QnrVC10			V_alginolyticus
	NZ_CP014045.1	2156829	2158427	-	tet(35)	tetracycline efflux Na+/H+ antiporter family transporter Tet(35)	core	AMR	AMR	TETRACYCLINE	TETRACYCLINE	BLASTX	533	533	100.0	96.25	533	WP_005480402.1	tetracycline efflux Na+/H+ antiporter family transporter Tet(35)			V_alginolyticus
	NZ_CP014045.1	2639977	2640438	-	tet(34)	oxytetracycline resistance phosphoribosyltransferase domain-containing protein Tet(34)	core	AMR	AMR	TETRACYCLINE	TETRACYCLINE	BLASTX	154	154	100.0	92.21	154	WP_005592781.1	oxytetracycline resistance phosphoribosyltransferase domain-containing protein Tet(34)			V_alginolyticus
	NZ_CP017891.1	727402	727863	+	tet(34)	oxytetracycline resistance phosphoribosyltransferase domain-containing protein Tet(34)	core	AMR	AMR	TETRACYCLINE	TETRACYCLINE	BLASTX	154	154	100.0	92.21	154	WP_005592781.1	oxytetracycline resistance phosphoribosyltransferase domain-containing protein Tet(34)			V_alginolyticus
	NZ_CP017891.1	1208005	1209603	+	tet(35)	tetracycline efflux Na+/H+ antiporter family transporter Tet(35)	core	AMR	AMR	TETRACYCLINE	TETRACYCLINE	BLASTX	533	533	100.0	96.06	533	WP_005480402.1	tetracycline efflux Na+/H+ antiporter family transporter Tet(35)			V_alginolyticus
	NZ_CP017892.1	485568	486416	-	blaCARB-42	carbenicillin-hydrolyzing class A beta-lactamase CARB-42	core	AMR	AMR	BETA-LACTAM	BETA-LACTAM	ALLELEX	283	283	100.0	100.0	283	WP_005375420.1	carbenicillin-hydrolyzing class A beta-lactamase CARB-42			V_alginolyticus
	NZ_CP017902.1	721569	722030	+	tet(34)	oxytetracycline resistance phosphoribosyltransferase domain-containing protein Tet(34)	core	AMR	AMR	TETRACYCLINE	TETRACYCLINE	BLASTX	154	154	100.0	92.21	154	WP_005592781.1	oxytetracycline resistance phosphoribosyltransferase domain-containing protein Tet(34)			V_alginolyticus
	NZ_CP017902.1	1202172	1203770	+	tet(35)	tetracycline efflux Na+/H+ antiporter family transporter Tet(35)	core	AMR	AMR	TETRACYCLINE	TETRACYCLINE	BLASTX	533	533	100.0	96.06	533	WP_005480402.1	tetracycline efflux Na+/H+ antiporter family transporter Tet(35)			V_alginolyticus
	NZ_CP017903.1	498266	499114	-	blaCARB-42	carbenicillin-hydrolyzing class A beta-lactamase CARB-42	core	AMR	AMR	BETA-LACTAM	BETA-LACTAM	ALLELEX	283	283	100.0	100.0	283	WP_005375420.1	carbenicillin-hydrolyzing class A beta-lactamase CARB-42			V_alginolyticus
	NZ_CP035699.1	360510	361358	+	blaCARB	CARB family carbenicillin-hydrolyzing class A beta-lactamase	core	AMR	AMR	BETA-LACTAM	BETA-LACTAM	BLASTX	283	283	100.0	99.65	283	WP_005375420.1	carbenicillin-hydrolyzing class A beta-lactamase CARB-42			V_alginolyticus
	NZ_CP035700.1	878255	879853	-	tet(35)	tetracycline efflux Na+/H+ antiporter family transporter Tet(35)	core	AMR	AMR	TETRACYCLINE	TETRACYCLINE	BLASTX	533	533	100.0	96.06	533	WP_005480402.1	tetracycline efflux Na+/H+ antiporter family transporter Tet(35)			V_alginolyticus
	NZ_CP035700.1	1361148	1361609	-	tet(34)	oxytetracycline resistance phosphoribosyltransferase domain-containing protein Tet(34)	core	AMR	AMR	TETRACYCLINE	TETRACYCLINE	BLASTX	154	154	100.0	92.21	154	WP_005592781.1	oxytetracycline resistance phosphoribosyltransferase domain-containing protein Tet(34)			V_alginolyticus
	NZ_CP046771.1	474210	475058	+	blaCARB-42	carbenicillin-hydrolyzing class A beta-lactamase CARB-42	core	AMR	AMR	BETA-LACTAM	BETA-LACTAM	ALLELEX	283	283	100.0	100.0	283	WP_005375420.1	carbenicillin-hydrolyzing class A beta-lactamase CARB-42			V_alginolyticus
	NZ_CP046772.1	868963	869424	+	tet(34)	oxytetracycline resistance phosphoribosyltransferase domain-containing protein Tet(34)	core	AMR	AMR	TETRACYCLINE	TETRACYCLINE	BLASTX	154	154	100.0	92.21	154	WP_005592781.1	oxytetracycline resistance phosphoribosyltransferase domain-containing protein Tet(34)			V_alginolyticus
	NZ_CP046772.1	1339425	1341023	+	tet(35)	tetracycline efflux Na+/H+ antiporter family transporter Tet(35)	core	AMR	AMR	TETRACYCLINE	TETRACYCLINE	BLASTX	533	533	100.0	96.06	533	WP_005480402.1	tetracycline efflux Na+/H+ antiporter family transporter Tet(35)			V_alginolyticus
	NZ_CP046773.1	3285	4097	-	sul2	sulfonamide-resistant dihydropteroate synthase Sul2	core	AMR	AMR	SULFONAMIDE	SULFONAMIDE	EXACTX	271	271	100.0	100.0	271	WP_001043260.1	sulfonamide-resistant dihydropteroate synthase Sul2			V_alginolyticus
	NZ_CP046773.1	123223	124035	-	aph(3')-Ia	aminoglycoside O-phosphotransferase APH(3')-Ia	core	AMR	AMR	AMINOGLYCOSIDE	KANAMYCIN	EXACTX	271	271	100.0	100.0	271	WP_000018329.1	aminoglycoside O-phosphotransferase APH(3')-Ia			V_alginolyticus
	NZ_CP046773.1	126018	126854	-	sul1	sulfonamide-resistant dihydropteroate synthase Sul1	core	AMR	AMR	SULFONAMIDE	SULFONAMIDE	EXACTX	279	279	100.0	100.0	279	WP_000259031.1	sulfonamide-resistant dihydropteroate synthase Sul1			V_alginolyticus
	NZ_CP046773.1	126851	127195	-	qacEdelta1	quaternary ammonium compound efflux SMR transporter QacE delta 1	core	STRESS	BIOCIDE	QUATERNARY AMMONIUM	QUATERNARY AMMONIUM	ALLELEX	115	115	100.0	100.0	115	WP_000679427.1	quaternary ammonium compound efflux SMR transporter QacE delta 1			V_alginolyticus
	NZ_CP046773.1	127399	127869	-	dfrA15	trimethoprim-resistant dihydrofolate reductase DfrA15	core	AMR	AMR	TRIMETHOPRIM	TRIMETHOPRIM	EXACTX	157	157	100.0	100.0	157	WP_001355915.1	trimethoprim-resistant dihydrofolate reductase DfrA15			V_alginolyticus
	NZ_CP046805.1	444737	445585	+	blaCARB-42	carbenicillin-hydrolyzing class A beta-lactamase CARB-42	core	AMR	AMR	BETA-LACTAM	BETA-LACTAM	ALLELEX	283	283	100.0	100.0	283	WP_005375420.1	carbenicillin-hydrolyzing class A beta-lactamase CARB-42			V_alginolyticus
	NZ_CP046806.1	155432	157030	+	tet(35)	tetracycline efflux Na+/H+ antiporter family transporter Tet(35)	core	AMR	AMR	TETRACYCLINE	TETRACYCLINE	BLASTX	533	533	100.0	96.25	533	WP_005480402.1	tetracycline efflux Na+/H+ antiporter family transporter Tet(35)			V_alginolyticus
	NZ_CP046806.1	2945871	2946332	+	tet(34)	oxytetracycline resistance phosphoribosyltransferase domain-containing protein Tet(34)	core	AMR	AMR	TETRACYCLINE	TETRACYCLINE	BLASTX	154	154	100.0	92.21	154	WP_005592781.1	oxytetracycline resistance phosphoribosyltransferase domain-containing protein Tet(34)			V_alginolyticus
	NZ_CP046813.1	635491	636339	+	blaCARB-56	carbenicillin-hydrolyzing class A beta-lactamase CARB-56	core	AMR	AMR	BETA-LACTAM	BETA-LACTAM	ALLELEX	283	283	100.0	100.0	283	WP_017821520.1	carbenicillin-hydrolyzing class A beta-lactamase CARB-56			V_alginolyticus
	NZ_CP046814.1	1040904	1041365	+	tet(34)	oxytetracycline resistance phosphoribosyltransferase domain-containing protein Tet(34)	core	AMR	AMR	TETRACYCLINE	TETRACYCLINE	BLASTX	154	154	100.0	92.21	154	WP_005592781.1	oxytetracycline resistance phosphoribosyltransferase domain-containing protein Tet(34)			V_alginolyticus
	NZ_CP046814.1	1543487	1545085	+	tet(35)	tetracycline efflux Na+/H+ antiporter family transporter Tet(35)	core	AMR	AMR	TETRACYCLINE	TETRACYCLINE	BLASTX	533	533	100.0	96.25	533	WP_005480402.1	tetracycline efflux Na+/H+ antiporter family transporter Tet(35)			V_alginolyticus
	NZ_CP042449.1	369872	370333	+	tet(34)	oxytetracycline resistance phosphoribosyltransferase domain-containing protein Tet(34)	core	AMR	AMR	TETRACYCLINE	TETRACYCLINE	BLASTX	154	154	100.0	92.21	154	WP_005592781.1	oxytetracycline resistance phosphoribosyltransferase domain-containing protein Tet(34)			V_alginolyticus
	NZ_CP042449.1	834172	835770	+	tet(35)	tetracycline efflux Na+/H+ antiporter family transporter Tet(35)	core	AMR	AMR	TETRACYCLINE	TETRACYCLINE	BLASTX	533	533	100.0	96.25	533	WP_005480402.1	tetracycline efflux Na+/H+ antiporter family transporter Tet(35)			V_alginolyticus
	NZ_CP042450.1	839938	840786	-	blaCARB	CARB family carbenicillin-hydrolyzing class A beta-lactamase	core	AMR	AMR	BETA-LACTAM	BETA-LACTAM	BLASTX	283	283	100.0	99.65	283	WP_005375420.1	carbenicillin-hydrolyzing class A beta-lactamase CARB-42			V_alginolyticus
	NZ_AP022859.1	705320	705781	+	tet(34)	oxytetracycline resistance phosphoribosyltransferase domain-containing protein Tet(34)	core	AMR	AMR	TETRACYCLINE	TETRACYCLINE	BLASTX	154	154	100.0	92.21	154	WP_005592781.1	oxytetracycline resistance phosphoribosyltransferase domain-containing protein Tet(34)			V_alginolyticus
	NZ_AP022859.1	1175877	1177469	+	tet(35)	tetracycline efflux Na+/H+ antiporter family transporter Tet(35)	core	AMR	AMR	TETRACYCLINE	TETRACYCLINE	BLASTX	531	533	99.62	95.67	531	WP_005480402.1	tetracycline efflux Na+/H+ antiporter family transporter Tet(35)			V_alginolyticus
	NZ_AP022860.1	1314282	1315130	+	blaCARB	CARB family carbenicillin-hydrolyzing class A beta-lactamase	core	AMR	AMR	BETA-LACTAM	BETA-LACTAM	BLASTX	283	283	100.0	99.65	283	WP_005391263.1	carbenicillin-hydrolyzing class A beta-lactamase CARB-57			V_alginolyticus
	NZ_AP022861.1	705320	705781	+	tet(34)	oxytetracycline resistance phosphoribosyltransferase domain-containing protein Tet(34)	core	AMR	AMR	TETRACYCLINE	TETRACYCLINE	BLASTX	154	154	100.0	92.21	154	WP_005592781.1	oxytetracycline resistance phosphoribosyltransferase domain-containing protein Tet(34)			V_alginolyticus
	NZ_AP022861.1	1175877	1177469	+	tet(35)	tetracycline efflux Na+/H+ antiporter family transporter Tet(35)	core	AMR	AMR	TETRACYCLINE	TETRACYCLINE	BLASTX	531	533	99.62	95.67	531	WP_005480402.1	tetracycline efflux Na+/H+ antiporter family transporter Tet(35)			V_alginolyticus
	NZ_AP022862.1	1314282	1315130	+	blaCARB	CARB family carbenicillin-hydrolyzing class A beta-lactamase	core	AMR	AMR	BETA-LACTAM	BETA-LACTAM	BLASTX	283	283	100.0	99.65	283	WP_005391263.1	carbenicillin-hydrolyzing class A beta-lactamase CARB-57			V_alginolyticus
	NZ_AP022863.1	705305	705766	+	tet(34)	oxytetracycline resistance phosphoribosyltransferase domain-containing protein Tet(34)	core	AMR	AMR	TETRACYCLINE	TETRACYCLINE	BLASTX	154	154	100.0	92.21	154	WP_005592781.1	oxytetracycline resistance phosphoribosyltransferase domain-containing protein Tet(34)			V_alginolyticus
	NZ_AP022863.1	1175862	1177454	+	tet(35)	tetracycline efflux Na+/H+ antiporter family transporter Tet(35)	core	AMR	AMR	TETRACYCLINE	TETRACYCLINE	BLASTX	531	533	99.62	95.67	531	WP_005480402.1	tetracycline efflux Na+/H+ antiporter family transporter Tet(35)			V_alginolyticus
	NZ_AP022864.1	1314276	1315124	+	blaCARB	CARB family carbenicillin-hydrolyzing class A beta-lactamase	core	AMR	AMR	BETA-LACTAM	BETA-LACTAM	BLASTX	283	283	100.0	99.65	283	WP_005391263.1	carbenicillin-hydrolyzing class A beta-lactamase CARB-57			V_alginolyticus
	NZ_AP022865.1	705305	705766	+	tet(34)	oxytetracycline resistance phosphoribosyltransferase domain-containing protein Tet(34)	core	AMR	AMR	TETRACYCLINE	TETRACYCLINE	BLASTX	154	154	100.0	92.21	154	WP_005592781.1	oxytetracycline resistance phosphoribosyltransferase domain-containing protein Tet(34)			V_alginolyticus
	NZ_AP022865.1	1175862	1177454	+	tet(35)	tetracycline efflux Na+/H+ antiporter family transporter Tet(35)	core	AMR	AMR	TETRACYCLINE	TETRACYCLINE	BLASTX	531	533	99.62	95.67	531	WP_005480402.1	tetracycline efflux Na+/H+ antiporter family transporter Tet(35)			V_alginolyticus
	NZ_AP022866.1	1314276	1315124	+	blaCARB	CARB family carbenicillin-hydrolyzing class A beta-lactamase	core	AMR	AMR	BETA-LACTAM	BETA-LACTAM	BLASTX	283	283	100.0	99.65	283	WP_005391263.1	carbenicillin-hydrolyzing class A beta-lactamase CARB-57			V_alginolyticus
	NZ_CP054700.1	126662	127123	+	tet(34)	oxytetracycline resistance phosphoribosyltransferase domain-containing protein Tet(34)	core	AMR	AMR	TETRACYCLINE	TETRACYCLINE	BLASTX	154	154	100.0	92.21	154	WP_005592781.1	oxytetracycline resistance phosphoribosyltransferase domain-containing protein Tet(34)			V_alginolyticus
	NZ_CP054700.1	608482	610080	+	tet(35)	tetracycline efflux Na+/H+ antiporter family transporter Tet(35)	core	AMR	AMR	TETRACYCLINE	TETRACYCLINE	BLASTX	533	533	100.0	96.06	533	WP_005480402.1	tetracycline efflux Na+/H+ antiporter family transporter Tet(35)			V_alginolyticus
	NZ_CP054701.1	1764651	1765499	+	blaCARB-42	carbenicillin-hydrolyzing class A beta-lactamase CARB-42	core	AMR	AMR	BETA-LACTAM	BETA-LACTAM	ALLELEX	283	283	100.0	100.0	283	WP_005375420.1	carbenicillin-hydrolyzing class A beta-lactamase CARB-42			V_alginolyticus
	NZ_CP098033.1	599565	600413	+	blaCARB-42	carbenicillin-hydrolyzing class A beta-lactamase CARB-42	core	AMR	AMR	BETA-LACTAM	BETA-LACTAM	ALLELEX	283	283	100.0	100.0	283	WP_005375420.1	carbenicillin-hydrolyzing class A beta-lactamase CARB-42			V_alginolyticus
	NZ_CP098034.1	2089360	2090958	-	tet(35)	tetracycline efflux Na+/H+ antiporter family transporter Tet(35)	core	AMR	AMR	TETRACYCLINE	TETRACYCLINE	BLASTX	533	533	100.0	96.25	533	WP_005480402.1	tetracycline efflux Na+/H+ antiporter family transporter Tet(35)			V_alginolyticus
	NZ_CP098034.1	2568926	2569387	-	tet(34)	oxytetracycline resistance phosphoribosyltransferase domain-containing protein Tet(34)	core	AMR	AMR	TETRACYCLINE	TETRACYCLINE	BLASTX	154	154	100.0	92.21	154	WP_005592781.1	oxytetracycline resistance phosphoribosyltransferase domain-containing protein Tet(34)			V_alginolyticus
